"Qubit","T1 (us)","T2 (us)","Readout assignment error","Prob meas0 prep1","Prob meas1 prep0","Readout length (ns)","ID error","Single-qubit gate length (ns)","RX error","Z-axis rotation (rz) error","âˆšx (sx) error","Pauli-X error","CZ error","Gate length (ns)","RZZ error","Operational"
"0","55.60534881979561","103.24174381955612","0.008544921875","0.0146484375","0.00244140625","2584","0.0004688741164259511","32","0.0004688741164259511","0","0.0004688741164259511","0.0004688741164259511","1:0.003734861641341791","1:88","1:0.010849467921657474","Yes"
"1","278.355021037918","219.51025655118823","0.00390625","0.0068359375","0.0009765625","2584","0.00018362478708695357","32","0.00018362478708695357","0","0.00018362478708695357","0.00018362478708695357","2:0.013740215961176278;0:0.003734861641341791","2:88;0:88","2:0.0024421220314357894;0:0.010849467921657474","Yes"
"2","282.7927447220921","249.96508128517104","0.001708984375","0.00341796875","0","2584","0.00009529687603273586","32","0.00009529687603273586","0","0.00009529687603273586","0.00009529687603273586","1:0.013740215961176278;3:0.0011933321049704126","1:88;3:88","1:0.0024421220314357894;3:0.0038830123452345544","Yes"
"3","324.3579702457686","241.61634077649236","0.0029296875","0.00341796875","0.00244140625","2584","0.0001085948275280522","32","0.0001085948275280522","0","0.0001085948275280522","0.0001085948275280522","16:0.0015146120575442734;2:0.0011933321049704126;4:0.0011502795314515257","16:88;2:88;4:88","16:0.0008977972547128399;2:0.0038830123452345544;4:0.0019561356437929056","Yes"
"4","320.90191960082024","281.667102825928","0.001220703125","0.00244140625","0","2584","0.00032452419367493565","32","0.00032452419367493565","0","0.00032452419367493565","0.00032452419367493565","3:0.0011502795314515257;5:0.002574203004444414","3:88;5:88","3:0.0019561356437929056;5:0.0025020255364045507","Yes"
"5","202.40272068728956","204.70553140150886","0.002685546875","0.00439453125","0.0009765625","2584","0.0001950765644580903","32","0.0001950765644580903","0","0.0001950765644580903","0.0001950765644580903","6:0.001748069966307858;4:0.002574203004444414","6:88;4:88","6:0.003449033264354223;4:0.0025020255364045507","Yes"
"6","137.75446208349197","169.85867334462955","0.007080078125","0.009765625","0.00439453125","2584","0.0004564403133105132","32","0.0004564403133105132","0","0.0004564403133105132","0.0004564403133105132","5:0.001748069966307858;7:0.0021277684177136713","5:88;7:88","5:0.003449033264354223;7:0.0045921008012395625","Yes"
"7","362.2012620911147","322.9614516197538","0.0078125","0.01416015625","0.00146484375","2584","0.0006145735169240101","32","0.0006145735169240101","0","0.0006145735169240101","0.0006145735169240101","17:0.0015660928370965777;6:0.0021277684177136713;8:0.004298445810936247","17:88;6:88;8:88","17:0.0018540277799463933;6:0.0045921008012395625;8:0.007343183818989352","Yes"
"8","195.3257452928246","284.45021189800786","0.003662109375","0.00537109375","0.001953125","2584","0.00018762379156026543","32","0.00018762379156026543","0","0.00018762379156026543","0.00018762379156026543","9:0.015240901236142301;7:0.004298445810936247","9:88;7:88","7:0.007343183818989352","Yes"
"9","271.339067433159","62.873958591119575","0.088134765625","0.1708984375","0.00537109375","2584","0.000586377793078117","32","0.000586377793078117","0","0.000586377793078117","0.000586377793078117","8:0.015240901236142301;10:0.002304336537779117","8:88;10:88","10:0.008178690419436918","Yes"
"10","332.2352473260359","373.74018921021434","0.00390625","0.0068359375","0.0009765625","2584","0.00013854718989636332","32","0.00013854718989636332","0","0.00013854718989636332","0.00013854718989636332","9:0.002304336537779117;11:0.001432028453433598","9:88;11:88","9:0.008178690419436918;11:0.0014991100386283485","Yes"
"11","321.6401700773685","505.79800416246474","0.00146484375","0.0029296875","0","2584","0.00021953291764142166","32","0.00021953291764142166","0","0.00021953291764142166","0.00021953291764142166","18:0.0017066965094515996;10:0.001432028453433598;12:0.0011767017755946463","18:88;10:88;12:88","18:0.0013446038229636692;10:0.0014991100386283485;12:0.0011363126700616732","Yes"
"12","320.7736352230702","452.82134213807325","0.02001953125","0.0400390625","0","2584","0.0006582823236259714","32","0.0006582823236259714","0","0.0006582823236259714","0.0006582823236259714","13:0.0014618085662917168;11:0.0011767017755946463","13:88;11:88","13:0.0013413164686394419;11:0.0011363126700616732","Yes"
"13","299.05747647242","280.6850643913814","0.001220703125","0.001953125","0.00048828125","2584","0.00024059948079733844","32","0.00024059948079733844","0","0.00024059948079733844","0.00024059948079733844","12:0.0014618085662917168;14:0.0013146043504648208","12:88;14:88","12:0.0013413164686394419;14:0.0016831318514843041","Yes"
"14","304.0664551287045","362.3614111175592","0.003173828125","0.00537109375","0.0009765625","2584","0.00033388985101399856","32","0.00033388985101399856","0","0.00033388985101399856","0.00033388985101399856","15:0.0012320603508120254;13:0.0013146043504648208","15:88;13:88","15:0.0014958772751983984;13:0.0016831318514843041","Yes"
"15","343.81874623358857","351.7100235412456","0.00634765625","0.00634765625","0.00634765625","2584","0.00022187690909908586","32","0.00022187690909908586","0","0.00022187690909908586","0.00022187690909908586","14:0.0012320603508120254;19:0.0012738187024460002","14:88;19:88","14:0.0014958772751983984;19:0.001507196438622127","Yes"
"16","299.55459345607767","352.5932720674346","0.00341796875","0.0048828125","0.001953125","2584","0.0002807093935004623","32","0.0002807093935004623","0","0.0002807093935004623","0.0002807093935004623","23:0.007479657380607602;3:0.0015146120575442734","23:88;3:88","23:0.006375486031513278;3:0.0008977972547128399","Yes"
"17","296.92545691197284","280.43544364331495","0.00244140625","0.00439453125","0.00048828125","2584","0.0002369476595982669","32","0.0002369476595982669","0","0.0002369476595982669","0.0002369476595982669","7:0.0015660928370965777;27:0.0014854022798926336","7:88;27:88","7:0.0018540277799463933;27:0.0019053376258886812","Yes"
"18","255.0056569038919","370.5194427613972","0.008544921875","0.00732421875","0.009765625","2584","0.00033330832602973797","32","0.00033330832602973797","0","0.00033330832602973797","0.00033330832602973797","11:0.0017066965094515996;31:0.08725560758561464","11:88;31:88","11:0.0013446038229636692;31:0.062027912437420535","Yes"
"19","289.4076366919439","432.9487077798247","0.003662109375","0.0068359375","0.00048828125","2584","0.00030248902150475444","32","0.00030248902150475444","0","0.00030248902150475444","0.00030248902150475444","35:0.001641200299232426;15:0.0012738187024460002","35:88;15:88","35:0.00051194999076426;15:0.001507196438622127","Yes"
"20","327.4984715809229","551.027773312741","0.001953125","0.00390625","0","2584","0.00029458312496451086","32","0.00029458312496451086","0","0.00029458312496451086","0.00029458312496451086","21:0.004733647085869902","21:88","21:0.004687712589011683","Yes"
"21","417.6288811439433","321.1526672632749","0.003662109375","0.00537109375","0.001953125","2584","0.00014699885810856247","32","0.00014699885810856247","0","0.00014699885810856247","0.00014699885810856247","36:0.009310525736580227;20:0.004733647085869902;22:0.0013462506593220902","36:88;20:88;22:88","36:0.02292495347361087;20:0.004687712589011683;22:0.006678487823956525","Yes"
"22","244.26431977282698","271.2166320422965","0.019287109375","0.0166015625","0.02197265625","2584","0.00014471370475795881","32","0.00014471370475795881","0","0.00014471370475795881","0.00014471370475795881","23:0.009794660506115549;21:0.0013462506593220902","23:88;21:88","23:0.009334995507713967;21:0.006678487823956525","Yes"
"23","339.74835725018613","254.9162380400697","0.045166015625","0.0625","0.02783203125","2584","0.0028426191451395447","32","0.0028426191451395447","0","0.0028426191451395447","0.0028426191451395447","22:0.009794660506115549;24:0.006477299842382073;16:0.007479657380607602","22:88;24:88;16:88","22:0.009334995507713967;24:0.0053388315153204136;16:0.006375486031513278","Yes"
"24","243.65118867902868","303.9226794151618","0.001708984375","0.00341796875","0","2584","0.00032028955645529067","32","0.00032028955645529067","0","0.00032028955645529067","0.00032028955645529067","23:0.006477299842382073;25:0.0011443679543223784","23:88;25:88","23:0.0053388315153204136;25:0.0015014498889880934","Yes"
"25","236.75787030844012","313.0977706313597","0.001708984375","0.00146484375","0.001953125","2584","0.00008937167295531446","32","0.00008937167295531446","0","0.00008937167295531446","0.00008937167295531446","24:0.0011443679543223784;26:0.002078227060169774;37:0.0012850567505266197","24:88;26:88;37:88","24:0.0015014498889880934;26:0.0018946645007921203;37:0.0027576189965686504","Yes"
"26","320.49170195881845","418.3891368937769","0.002685546875","0.0048828125","0.00048828125","2584","0.00047891219065173763","32","0.00047891219065173763","0","0.00047891219065173763","0.00047891219065173763","25:0.002078227060169774;27:0.002116215932597726","25:88;27:88","25:0.0018946645007921203;27:0.0005102143971613959","Yes"
"27","375.09786368768073","253.4895182220404","0.001708984375","0.00244140625","0.0009765625","2584","0.00010394603040760125","32","0.00010394603040760125","0","0.00010394603040760125","0.00010394603040760125","26:0.002116215932597726;28:0.0011832680481932145;17:0.0014854022798926336","26:88;28:88;17:88","26:0.0005102143971613959;28:0.0011009558662881669;17:0.0019053376258886812","Yes"
"28","226.27382327023025","203.11080978066852","0.001220703125","0.00244140625","0","2584","0.00013420218890005924","32","0.00013420218890005924","0","0.00013420218890005924","0.00013420218890005924","27:0.0011832680481932145;29:0.0025430776031642177","27:88;29:88","27:0.0011009558662881669;29:0.003274735219777919","Yes"
"29","288.6240396165333","266.98195516888944","0.003662109375","0.00634765625","0.0009765625","2584","0.00015092519637505854","32","0.00015092519637505854","0","0.00015092519637505854","0.00015092519637505854","38:0.004006904192012495;28:0.0025430776031642177;30:0.0024888784246873685","38:88;28:88;30:88","38:0.0035969428463521746;28:0.003274735219777919;30:0.0028549462550395976","Yes"
"30","245.99844556045727","288.47647006416366","0.005126953125","0.0068359375","0.00341796875","2584","0.00019818852542127828","32","0.00019818852542127828","0","0.00019818852542127828","0.00019818852542127828","31:0.13096701219372223;29:0.0024888784246873685","31:88;29:88","31:8.021328351537349e-8;29:0.0028549462550395976","Yes"
"31","16.62083272133179","30.763440852446653","0.019287109375","0.0380859375","0.00048828125","2584","0.005365899003291564","32","0.005365899003291564","0","0.005365899003291564","0.005365899003291564","30:0.13096701219372223;18:0.08725560758561464","30:88;32:88;18:88","30:8.021328351537349e-8;18:0.062027912437420535","Yes"
"32","296.98133525245794","403.000514512284","0.00146484375","0.0029296875","0","2584","0.00014475984565430705","32","0.00014475984565430705","0","0.00014475984565430705","0.00014475984565430705","33:0.001287773403084197","31:88;33:88","33:0.002055741129991878","Yes"
"33","292.46996170246666","323.47671489762973","0.00244140625","0.0048828125","0","2584","0.0003135377904629267","32","0.0003135377904629267","0","0.0003135377904629267","0.0003135377904629267","39:0.0013265883362955089;32:0.001287773403084197;34:0.002785966985063948","39:88;32:88;34:88","39:0.0023077825776780247;32:0.002055741129991878;34:0.0016160035679469165","Yes"
"34","287.2203056913697","304.29941361531826","0.07275390625","0.0849609375","0.060546875","2584","0.00019029429117858217","32","0.00019029429117858217","0","0.00019029429117858217","0.00019029429117858217","33:0.002785966985063948;35:0.0030474305934552193","33:88;35:88","33:0.0016160035679469165","Yes"
"35","363.919746752473","369.9846987977412","0.00244140625","0.00244140625","0.00244140625","2584","","32","","0","","","19:0.001641200299232426;34:0.0030474305934552193","19:88;34:88","19:0.00051194999076426","Yes"
"36","4.982253995665101","12.690185966952019","0.039794921875","0.076171875","0.00341796875","2584","0.0015799847053547247","32","0.0015799847053547247","0","0.0015799847053547247","0.0015799847053547247","41:0.010420424490183322;21:0.009310525736580227","41:88;21:88","41:0.013754507060518534;21:0.02292495347361087","Yes"
"37","262.3988137027303","387.83876861082985","0.001708984375","0.00341796875","0","2584","0.0002705671853288738","32","0.0002705671853288738","0","0.0002705671853288738","0.0002705671853288738","45:0.0019888808142396464;25:0.0012850567505266197","45:88;25:88","45:0.003269396674221131;25:0.0027576189965686504","Yes"
"38","162.19609976432443","219.66264724328678","0.003662109375","0.00634765625","0.0009765625","2584","0.00019633176496084516","32","0.00019633176496084516","0","0.00019633176496084516","0.00019633176496084516","29:0.004006904192012495;49:0.002825239816386521","29:88;49:88","29:0.0035969428463521746;49:0.0021657934651932442","Yes"
"39","230.69041161486444","360.08824729888806","0.1533203125","0.15380859375","0.15283203125","2584","0.00009742843020740642","32","0.00009742843020740642","0","0.00009742843020740642","0.00009742843020740642","53:0.0023018312621590764;33:0.0013265883362955089","53:88;33:88","53:0.0018752170859743789;33:0.0023077825776780247","Yes"
"40","184.2390942265432","265.10375029901434","0.00146484375","0.00244140625","0.00048828125","2584","0.00014418806467065998","32","0.00014418806467065998","0","0.00014418806467065998","0.00014418806467065998","41:0.0018039556414560232","41:88","41:0.002122155678945109","Yes"
"41","222.22149005754778","287.25366252732994","0.004150390625","0.00634765625","0.001953125","2584","0.00032188377752116846","32","0.00032188377752116846","0","0.00032188377752116846","0.00032188377752116846","40:0.0018039556414560232;42:0.0014655018424676036;36:0.010420424490183322","40:88;42:88;36:88","40:0.002122155678945109;42:0.0016998862581075747;36:0.013754507060518534","Yes"
"42","324.76844582068816","457.22099370438985","0.002197265625","0.00341796875","0.0009765625","2584","0.00022429100733938073","32","0.00022429100733938073","0","0.00022429100733938073","0.00022429100733938073","41:0.0014655018424676036;43:0.0024729133834523465","41:88;43:88","41:0.0016998862581075747;43:0.002375180498331436","Yes"
"43","316.7475610134612","453.8180019648604","0.00244140625","0.00341796875","0.00146484375","2584","0.00025421675099343235","32","0.00025421675099343235","0","0.00025421675099343235","0.00025421675099343235","42:0.0024729133834523465;56:0.00622108031813931;44:0.0018452277740751144","42:88;56:88;44:88","42:0.002375180498331436;56:0.007884065521007344;44:0.0034685587728801315","Yes"
"44","283.6140440308121","199.19419739927702","0.005126953125","0.00927734375","0.0009765625","2584","0.00022495840024029822","32","0.00022495840024029822","0","0.00022495840024029822","0.00022495840024029822","45:0.0012878404259441256;43:0.0018452277740751144","45:88;43:88","45:0.00264671735601682;43:0.0034685587728801315","Yes"
"45","320.93203094065996","342.1912085822589","0.0048828125","0.00439453125","0.00537109375","2584","0.00025348183051965506","32","0.00025348183051965506","0","0.00025348183051965506","0.00025348183051965506","44:0.0012878404259441256;46:0.02308468680219833;37:0.0019888808142396464","44:88;46:88;37:88","44:0.00264671735601682;46:0.0038906859441647235;37:0.003269396674221131","Yes"
"46","285.30494272171245","345.7271959770724","0.003662109375","0.005859375","0.00146484375","2584","0.0001485826756951151","32","0.0001485826756951151","0","0.0001485826756951151","0.0001485826756951151","45:0.02308468680219833;47:0.0017558383387833165","45:88;47:88","45:0.0038906859441647235;47:0.0014482893859737722","Yes"
"47","331.80732175742423","276.04338634732875","0.002685546875","0.00341796875","0.001953125","2584","","32","","0","","","48:0.0030923093425226367;57:0.005103267825775748;46:0.0017558383387833165","48:88;57:88;46:88","48:0.0029229679591251667;57:0.005605865754229528;46:0.0014482893859737722","Yes"
"48","291.574172348794","112.99492433688387","0.005859375","0.01123046875","0.00048828125","2584","0.0003814438448341239","32","0.0003814438448341239","0","0.0003814438448341239","0.0003814438448341239","47:0.0030923093425226367;49:0.0026698479982155965","47:88;49:88","47:0.0029229679591251667;49:0.005459565257722038","Yes"
"49","279.76860569073546","132.42747889432573","0.0078125","0.01220703125","0.00341796875","2584","0.0003405451165620832","32","0.0003405451165620832","0","0.0003405451165620832","0.0003405451165620832","48:0.0026698479982155965;50:0.006321522289405385;38:0.002825239816386521","48:88;50:88;38:88","48:0.005459565257722038;50:0.004203065177397297;38:0.0021657934651932442","Yes"
"50","171.80163344040704","146.27617699929925","0.12646484375","0.12353515625","0.12939453125","2584","0.00015803931236858595","32","0.00015803931236858595","0","0.00015803931236858595","0.00015803931236858595","49:0.006321522289405385;51:0.003743960650349376","49:88;51:88","49:0.004203065177397297;51:0.003788150596253592","Yes"
"51","341.2219771083403","146.97069286207588","0.00146484375","0.001953125","0.0009765625","2584","0.00019342477456218323","32","0.00019342477456218323","0","0.00019342477456218323","0.00019342477456218323","50:0.003743960650349376;52:0.0014727677613958767;58:0.00297592853285894","50:88;52:88;58:88","50:0.003788150596253592;52:0.0024343461560519253;58:0.002574521214329384","Yes"
"52","243.3196273947512","397.725990480707","0.011962890625","0.01171875","0.01220703125","2584","0.00014991290605142623","32","0.00014991290605142623","0","0.00014991290605142623","0.00014991290605142623","51:0.0014727677613958767;53:0.0012916800697252984","51:88;53:88","51:0.0024343461560519253;53:0.0015851278980814065","Yes"
"53","345.23824323454124","424.9336007729291","0.008544921875","0.0087890625","0.00830078125","2584","0.0001427797815914699","32","0.0001427797815914699","0","0.0001427797815914699","0.0001427797815914699","39:0.0023018312621590764;52:0.0012916800697252984;54:0.001399583679479538","39:88;52:88;54:88","39:0.0018752170859743789;52:0.0015851278980814065;54:0.0010813366202457597","Yes"
"54","304.42266941848686","439.02992941574183","0.00048828125","0.00048828125","0.00048828125","2584","","32","","0","","","53:0.001399583679479538;55:0.0012328543727671282","53:88;55:88","53:0.0010813366202457597;55:0.001785913955854146","Yes"
"55","323.26482083402584","535.3983258124018","0.002197265625","0.00244140625","0.001953125","2584","0.00011521902849740311","32","0.00011521902849740311","0","0.00011521902849740311","0.00011521902849740311","59:0.0013925101965509001;54:0.0012328543727671282","59:88;54:88","59:0.0026162671932878634;54:0.001785913955854146","Yes"
"56","214.97797421974235","356.8810115223135","0.00390625","0.0068359375","0.0009765625","2584","0.00019218625136839144","32","0.00019218625136839144","0","0.00019218625136839144","0.00019218625136839144","43:0.00622108031813931","63:88;43:88","43:0.007884065521007344","Yes"
"57","43.233836770046516","59.247233372381615","0.008056640625","0.01513671875","0.0009765625","2584","0.00023749365063409431","32","0.00023749365063409431","0","0.00023749365063409431","0.00023749365063409431","47:0.005103267825775748;67:0.004086235308132402","47:88;67:88","47:0.005605865754229528;67:0.0015889261373436547","Yes"
"58","278.08873731955254","175.23482114178728","0.001953125","0.00244140625","0.00146484375","2584","0.00034839060551636986","32","0.00034839060551636986","0","0.00034839060551636986","0.00034839060551636986","71:0.0029583469535503504;51:0.00297592853285894","71:88;51:88","71:0.002834298794679113;51:0.002574521214329384","Yes"
"59","352.5020661651919","389.62852157873544","0.002197265625","0.0029296875","0.00146484375","2584","0.0002760373152573826","32","0.0002760373152573826","0","0.0002760373152573826","0.0002760373152573826","55:0.0013925101965509001;75:0.002501131198108575","55:88;75:88","55:0.0026162671932878634;75:0.0009050078265088746","Yes"
"60","319.6945443910159","526.2266949882927","0.000732421875","0.0009765625","0.00048828125","2584","","32","","0","","","61:0.0022800554258236294","61:88","61:0.0034849406780630976","Yes"
"61","318.10749852001555","291.1546589133371","0.0029296875","0.005859375","0","2584","0.00016317119906894667","32","0.00016317119906894667","0","0.00016317119906894667","0.00016317119906894667","76:0.0038815781157219564;60:0.0022800554258236294;62:0.0016818571910302282","76:88;60:88;62:88","76:0.002534849092985819;60:0.0034849406780630976;62:0.002734764966593861","Yes"
"62","300.3019484811996","364.82553091179966","0.00146484375","0.0029296875","0","2584","0.0000980897511270321","32","0.0000980897511270321","0","0.0000980897511270321","0.0000980897511270321","61:0.0016818571910302282;63:0.0018316920255809777","61:88;63:88","61:0.002734764966593861;63:0.0023256892201488633","Yes"
"63","305.8035218161346","436.4340969527601","0.00634765625","0.009765625","0.0029296875","2584","0.00020565354741254493","32","0.00020565354741254493","0","0.00020565354741254493","0.00020565354741254493","62:0.0018316920255809777;64:0.00258536256093464","56:88;62:88;64:88","62:0.0023256892201488633","Yes"
"64","281.01283232415835","437.33339258338594","0.00341796875","0.00634765625","0.00048828125","2584","0.0000893153467287464","32","0.0000893153467287464","0","0.0000893153467287464","0.0000893153467287464","65:0.0019294290638528777;63:0.00258536256093464","65:88;63:88","65:0.0024060059701301317","Yes"
"65","197.94946524053927","257.47010289938305","0.002685546875","0.00537109375","0","2584","0.0004846981065100059","32","0.0004846981065100059","0","0.0004846981065100059","0.0004846981065100059","64:0.0019294290638528777;66:0.00192066903351501;77:0.002202217579255983","64:88;66:88;77:88","64:0.0024060059701301317;66:0.007376698258465653;77:0.005552975347537792","Yes"
"66","303.329020041019","330.11347464990104","0.00341796875","0.00634765625","0.00048828125","2584","0.00038487579420998973","32","0.00038487579420998973","0","0.00038487579420998973","0.00038487579420998973","65:0.00192066903351501;67:0.0019361047272733467","65:88;67:88","65:0.007376698258465653;67:0.0015461875068394082","Yes"
"67","299.6752759383214","275.92268249515377","0.008056640625","0.00927734375","0.0068359375","2584","0.0002310222141462215","32","0.0002310222141462215","0","0.0002310222141462215","0.0002310222141462215","68:0.0014784822787046459;57:0.004086235308132402;66:0.0019361047272733467","68:88;57:88;66:88","68:0.0007825105128339005;57:0.0015889261373436547;66:0.0015461875068394082","Yes"
"68","323.16349737265597","109.51796710638973","0.001708984375","0.0029296875","0.00048828125","2584","0.0003287463845087666","32","0.0003287463845087666","0","0.0003287463845087666","0.0003287463845087666","67:0.0014784822787046459;69:0.0017509781431430393","67:88;69:88","67:0.0007825105128339005;69:0.001979405295384956","Yes"
"69","349.7674552706403","128.94720085199063","0.00439453125","0.00244140625","0.00634765625","2584","0.00028765435418992997","32","0.00028765435418992997","0","0.00028765435418992997","0.00028765435418992997","78:0.0029780682638905487;68:0.0017509781431430393;70:0.0020122135575192934","78:88;68:88;70:88","78:0.0034188347767633853;68:0.001979405295384956;70:0.0027927731462782657","Yes"
"70","347.92565461959225","133.64913614621523","0.003173828125","0.0048828125","0.00146484375","2584","0.00038031722279570335","32","0.00038031722279570335","0","0.00038031722279570335","0.00038031722279570335","69:0.0020122135575192934;71:0.005161951048780783","69:88;71:88","69:0.0027927731462782657;71:0.002684198384829306","Yes"
"71","438.09463481013427","122.00038659462011","0.004150390625","0.0048828125","0.00341796875","2584","0.00013081369842444656","32","0.00013081369842444656","0","0.00013081369842444656","0.00013081369842444656","72:0.002688991680678432;58:0.0029583469535503504;70:0.005161951048780783","72:88;58:88;70:88","72:0.0015905495506900735;58:0.002834298794679113;70:0.002684198384829306","Yes"
"72","339.2395009328621","482.20859347327695","0.001220703125","0.00146484375","0.0009765625","2584","0.00009464481230111802","32","0.00009464481230111802","0","0.00009464481230111802","0.00009464481230111802","73:0.0035290572954781996;71:0.002688991680678432","73:88;71:88","73:0.0016135288152747118;71:0.0015905495506900735","Yes"
"73","377.74292123854644","418.3707392239861","0.003662109375","0.00341796875","0.00390625","2584","","32","","0","","","72:0.0035290572954781996;74:0.004986288171526382;79:0.0035936865361825276","72:88;74:88;79:88","72:0.0016135288152747118;74:0.003669397342649705;79:0.002138701707574603","Yes"
"74","245.38940899750398","349.0685928127636","0.001708984375","0.0029296875","0.00048828125","2584","0.0002131348892734656","32","0.0002131348892734656","0","0.0002131348892734656","0.0002131348892734656","73:0.004986288171526382;75:0.0014715581578448045","73:88;75:88","73:0.003669397342649705;75:0.0020252556227058904","Yes"
"75","344.9261943197208","551.8447635871373","0.00244140625","0.00244140625","0.00244140625","2584","","32","","0","","","59:0.002501131198108575;74:0.0014715581578448045","59:88;74:88","59:0.0009050078265088746;74:0.0020252556227058904","Yes"
"76","278.4659547480811","387.34346588683354","0.00341796875","0.00537109375","0.00146484375","2584","0.00012122629104301211","32","0.00012122629104301211","0","0.00012122629104301211","0.00012122629104301211","81:0.001595482798117026;61:0.0038815781157219564","81:88;61:88","81:0.0025500651712138667;61:0.002534849092985819","Yes"
"77","289.0184388508555","327.1151522099299","0.00244140625","0.00390625","0.0009765625","2584","0.00014960289934383628","32","0.00014960289934383628","0","0.00014960289934383628","0.00014960289934383628","85:0.0033223022435167615;65:0.002202217579255983","85:88;65:88","85:0.0020014108162494104;65:0.005552975347537792","Yes"
"78","314.0768533085797","160.38168946992005","0.00146484375","0.001953125","0.0009765625","2584","0.00017560404117393294","32","0.00017560404117393294","0","0.00017560404117393294","0.00017560404117393294","69:0.0029780682638905487;89:0.001814199186194465","69:88;89:88","69:0.0034188347767633853;89:0.00558328307831929","Yes"
"79","328.450893214139","648.4832064631524","0.002685546875","0.00390625","0.00146484375","2584","0.00013675526324292926","32","0.00013675526324292926","0","0.00013675526324292926","0.00013675526324292926","93:0.0017074222834674024;73:0.0035936865361825276","93:88;73:88","93:0.002526155162522137;73:0.002138701707574603","Yes"
"80","233.34012934868178","450.21540638251366","0.001708984375","0.0029296875","0.00048828125","2584","0.00014517795287372022","32","0.00014517795287372022","0","0.00014517795287372022","0.00014517795287372022","81:0.0011512347447875382","81:88","81:0.0016364839843642232","Yes"
"81","336.2792657394681","479.4207261941156","0.00341796875","0.0048828125","0.001953125","2584","0.00012067291569013262","32","0.00012067291569013262","0","0.00012067291569013262","0.00012067291569013262","80:0.0011512347447875382;82:0.001535926438923474;76:0.001595482798117026","80:88;82:88;76:88","80:0.0016364839843642232;82:0.003421875146579184;76:0.0025500651712138667","Yes"
"82","357.4654297539837","471.56212351662015","0.005859375","0.0048828125","0.0068359375","2584","0.00017266181932953833","32","0.00017266181932953833","0","0.00017266181932953833","0.00017266181932953833","81:0.001535926438923474;83:0.0023351299214083576","81:88;83:148","81:0.003421875146579184","Yes"
"83","103.45471611020888","141.31689353725932","0.030517578125","0.05810546875","0.0029296875","2584","0.000294274678872605","32","0.000294274678872605","0","0.000294274678872605","0.000294274678872605","82:0.0023351299214083576;84:0.0013443065566936252","96:88;82:148;84:88","84:0.0010383188686066414","Yes"
"84","381.3665012589798","595.0934306695476","0.001953125","0.00390625","0","2584","0.00013690535967914193","32","0.00013690535967914193","0","0.00013690535967914193","0.00013690535967914193","83:0.0013443065566936252;85:0.0013759680253374873","83:88;85:88","83:0.0010383188686066414;85:0.0015498476847442821","Yes"
"85","300.1162571564766","346.70127862892065","0.00390625","0.00244140625","0.00537109375","2584","0.00015745646180916916","32","0.00015745646180916916","0","0.00015745646180916916","0.00015745646180916916","77:0.0033223022435167615;86:0.0011847894263511682;84:0.0013759680253374873","77:88;86:88;84:88","77:0.0020014108162494104;86:0.0008832067219283479;84:0.0015498476847442821","Yes"
"86","362.00007838220756","448.2407820114621","0.0029296875","0.00244140625","0.00341796875","2584","0.0001452275252525702","32","0.0001452275252525702","0","0.0001452275252525702","0.0001452275252525702","85:0.0011847894263511682;87:0.0014054943122801533","85:88;87:88","85:0.0008832067219283479;87:0.0015619730493276474","Yes"
"87","135.74964594804723","166.5607740806414","0.002197265625","0.00341796875","0.0009765625","2584","0.00024072431937876453","32","0.00024072431937876453","0","0.00024072431937876453","0.00024072431937876453","86:0.0014054943122801533;88:0.0022785457940573683;97:0.0020720272475243384","86:88;88:88;97:88","86:0.0015619730493276474;97:0.0017961484668645444","Yes"
"88","376.54534298327025","329.7896761618516","0.009765625","0.00732421875","0.01220703125","2584","0.0001762146137820499","32","0.0001762146137820499","0","0.0001762146137820499","0.0001762146137820499","87:0.0022785457940573683;89:0.0009069320590569252","87:88;89:88","89:0.0025201458432848323","Yes"
"89","339.3050353050463","308.87601727182357","0.0029296875","0.00390625","0.001953125","2584","0.00015310885471549445","32","0.00015310885471549445","0","0.00015310885471549445","0.00015310885471549445","90:0.004622827764796361;88:0.0009069320590569252;78:0.001814199186194465","90:88;88:88;78:88","90:0.0036129703176651373;88:0.0025201458432848323;78:0.00558328307831929","Yes"
"90","21.177977177889467","38.55435649320403","0.058837890625","0.11572265625","0.001953125","2584","0.0014703312186062274","32","0.0014703312186062274","0","0.0014703312186062274","0.0014703312186062274","89:0.004622827764796361;91:0.004460343311586568","89:88;91:88","89:0.0036129703176651373;91:0.004578977088590702","Yes"
"91","361.14095708695635","249.08478626607356","0.003662109375","0.00439453125","0.0029296875","2584","0.00030067996598642365","32","0.00030067996598642365","0","0.00030067996598642365","0.00030067996598642365","98:0.002062311313495019;90:0.004460343311586568;92:0.0024094184346112046","98:88;90:88;92:88","98:0.001164206601659612;90:0.004578977088590702;92:0.0018031859499744174","Yes"
"92","324.28711177799636","270.58383966147517","0.00244140625","0.0048828125","0","2584","0.00018453886745419784","32","0.00018453886745419784","0","0.00018453886745419784","0.00018453886745419784","91:0.0024094184346112046;93:0.0019295000968133913","91:88;93:88","91:0.0018031859499744174;93:0.0017450040517821563","Yes"
"93","248.5528102606307","239.76681060022753","0.008056640625","0.01416015625","0.001953125","2584","0.00016182805190976637","32","0.00016182805190976637","0","0.00016182805190976637","0.00016182805190976637","94:0.0017808357283332077;79:0.0017074222834674024;92:0.0019295000968133913","94:88;79:88;92:88","94:0.0017731572229454096;79:0.002526155162522137;92:0.0017450040517821563","Yes"
"94","377.453569679049","248.92958421878353","0.00390625","0.00634765625","0.00146484375","2584","0.00023007612722171072","32","0.00023007612722171072","0","0.00023007612722171072","0.00023007612722171072","93:0.0017808357283332077;95:0.0011685851314900686","93:88;95:88","93:0.0017731572229454096;95:0.0022528134298486213","Yes"
"95","410.2359330281669","268.5296558656389","0.003662109375","0.00390625","0.00341796875","2584","0.00017628372393264726","32","0.00017628372393264726","0","0.00017628372393264726","0.00017628372393264726","99:0.0016015533288995798;94:0.0011685851314900686","99:88;94:88","94:0.0022528134298486213","Yes"
"96","252.87734386061211","386.23045916172913","0.00439453125","0.00732421875","0.00146484375","2584","0.0005277155598544458","32","0.0005277155598544458","0","0.0005277155598544458","0.0005277155598544458","103:0.0022418848954159354","83:88;103:88","103:0.002758729677024341","Yes"
"97","328.6791521107153","433.72146155381336","0.0087890625","0.0166015625","0.0009765625","2584","0.00030629459894501536","32","0.00030629459894501536","0","0.00030629459894501536","0.00030629459894501536","87:0.0020720272475243384;107:0.0013082922937626695","87:88;107:88","87:0.0017961484668645444;107:0.0031375592339832614","Yes"
"98","224.71680753562606","367.81192023416185","0.0068359375","0.00830078125","0.00537109375","2584","0.00019626749871618195","32","0.00019626749871618195","0","0.00019626749871618195","0.00019626749871618195","91:0.002062311313495019;111:0.0012079192266861993","91:88;111:88","91:0.001164206601659612;111:0.001892620712395765","Yes"
"99","353.3652852990625","416.91433433891666","0.015625","0.01171875","0.01953125","2584","0.0001908006333723445","32","0.0001908006333723445","0","0.0001908006333723445","0.0001908006333723445","115:0.0017751830347388364;95:0.0016015533288995798","115:88;95:88","115:0.0015298994835963031","Yes"
"100","390.8655787171524","542.100546083911","0.003173828125","0.00439453125","0.001953125","2584","0.0001611568926320942","32","0.0001611568926320942","0","0.0001611568926320942","0.0001611568926320942","101:0.0012203223329941282","101:88","101:0.0020957534070426553","Yes"
"101","224.22473475636423","326.8354908166741","0.01171875","0.013671875","0.009765625","2584","0.00010259648779092173","32","0.00010259648779092173","0","0.00010259648779092173","0.00010259648779092173","100:0.0012203223329941282;116:0.0019680797455856047;102:0.0014473582828847809","100:88;116:88;102:88","100:0.0020957534070426553;102:0.0010815681846410852","Yes"
"102","245.88457485218217","453.40978890806963","0.007080078125","0.0126953125","0.00146484375","2584","0.0002130764591622088","32","0.0002130764591622088","0","0.0002130764591622088","0.0002130764591622088","101:0.0014473582828847809;103:0.0013047906394439146","101:88;103:88","101:0.0010815681846410852;103:0.0024409765777942405","Yes"
"103","404.46282807868675","532.6464415761887","0.00390625","0.005859375","0.001953125","2584","0.00024270142230840903","32","0.00024270142230840903","0","0.00024270142230840903","0.00024270142230840903","104:0.0012235423770879106;96:0.0022418848954159354;102:0.0013047906394439146","104:88;96:88;102:88","104:0.000707735050770486;96:0.002758729677024341;102:0.0024409765777942405","Yes"
"104","313.3690422741157","354.8930998270581","0.005126953125","0.0087890625","0.00146484375","2584","0.00030158971067349645","32","0.00030158971067349645","0","0.00030158971067349645","0.00030158971067349645","103:0.0012235423770879106;105:0.0016169140997917553","103:88;105:88","103:0.000707735050770486;105:0.0008296854113671592","Yes"
"105","495.8857592342807","418.4052185372574","0.006591796875","0.00830078125","0.0048828125","2584","","32","","0","","","104:0.0016169140997917553;106:0.0023420802526530615;117:0.0016016667580382449","104:88;106:88;117:88","104:0.0008296854113671592;106:0.0018746497323016142;117:0.003025544653000034","Yes"
"106","302.39731134952405","345.21507360085286","0.00244140625","0.00244140625","0.00244140625","2584","0.00011824092992996512","32","0.00011824092992996512","0","0.00011824092992996512","0.00011824092992996512","107:0.0026417067678698447;105:0.0023420802526530615","107:88;105:88","107:0.0018296510152704393;105:0.0018746497323016142","Yes"
"107","407.2500877776471","432.24553333964775","0.00390625","0.00537109375","0.00244140625","2584","0.00015738467441296238","32","0.00015738467441296238","0","0.00015738467441296238","0.00015738467441296238","106:0.0026417067678698447;108:0.0031141777229422296;97:0.0013082922937626695","106:88;108:88;97:88","106:0.0018296510152704393;108:0.0014213251482783629;97:0.0031375592339832614","Yes"
"108","376.1695979139789","370.5380652951943","0.010009765625","0.01025390625","0.009765625","2584","0.00013123545712972435","32","0.00013123545712972435","0","0.00013123545712972435","0.00013123545712972435","107:0.0031141777229422296;109:0.0020114620202491273","107:88;109:88","107:0.0014213251482783629;109:0.001663272418693379","Yes"
"109","413.8681828697611","366.73416305973365","0.00439453125","0.005859375","0.0029296875","2584","0.00016020573271904596","32","0.00016020573271904596","0","0.00016020573271904596","0.00016020573271904596","108:0.0020114620202491273;110:0.0023751362336520976;118:0.005108822634681931","108:88;110:88;118:88","108:0.001663272418693379;110:0.003130670400542712;118:0.003253792070705641","Yes"
"110","344.20272399308493","323.3047128662467","0.00732421875","0.01171875","0.0029296875","2584","0.0002467980213104031","32","0.0002467980213104031","0","0.0002467980213104031","0.0002467980213104031","109:0.0023751362336520976;111:0.003082481887150157","109:88;111:88","109:0.003130670400542712;111:0.004190882112211386","Yes"
"111","311.37358053388095","335.1954398590047","0.005126953125","0.005859375","0.00439453125","2584","0.00032572114420958856","32","0.00032572114420958856","0","0.00032572114420958856","0.00032572114420958856","112:0.006134695219988245;110:0.003082481887150157;98:0.0012079192266861993","112:88;110:88;98:88","112:0.0009705879940658524;110:0.004190882112211386;98:0.001892620712395765","Yes"
"112","267.1843264978984","418.2586136305591","0.002685546875","0.00439453125","0.0009765625","2584","","32","","0","","","111:0.006134695219988245;113:0.0024363951609059353","111:88;113:88","111:0.0009705879940658524;113:0.002396807492825892","Yes"
"113","380.3116074561868","435.1898140575004","0.0029296875","0.0029296875","0.0029296875","2584","0.0000936188604089859","32","0.0000936188604089859","0","0.0000936188604089859","0.0000936188604089859","119:0.0020351398793521935;112:0.0024363951609059353;114:0.02739588258223208","119:88;112:88;114:88","119:0.0012582442355044687;112:0.002396807492825892;114:0.0014475140811095744","Yes"
"114","371.90676730578474","595.8365479942463","0.001953125","0.001953125","0.001953125","2584","0.00011998646740566156","32","0.00011998646740566156","0","0.00011998646740566156","0.00011998646740566156","115:0.0012597907655703122;113:0.02739588258223208","115:88;113:88","115:0.0008361553254428444;113:0.0014475140811095744","Yes"
"115","452.13736957967916","617.5411315940415","0.00390625","0.00634765625","0.00146484375","2584","","32","","0","","","99:0.0017751830347388364;114:0.0012597907655703122","99:88;114:88","99:0.0015298994835963031;114:0.0008361553254428444","Yes"
"116","281.9846347216745","439.36772762166584","0.0029296875","0.00341796875","0.00244140625","2584","0.00017162488501906665","32","0.00017162488501906665","0","0.00017162488501906665","0.00017162488501906665","101:0.0019680797455856047;121:0.006842816231288101","101:88;121:88","","Yes"
"117","66.78268950271453","107.09408178229084","0.0146484375","0.029296875","0","2584","0.0003498940768612206","32","0.0003498940768612206","0","0.0003498940768612206","0.0003498940768612206","105:0.0016016667580382449;125:0.0021205330681823287","105:88;125:88","105:0.003025544653000034;125:0.006728901578698709","Yes"
"118","220.78519432729198","297.3207049849276","0.0078125","0.01513671875","0.00048828125","2584","0.00026823707689931325","32","0.00026823707689931325","0","0.00026823707689931325","0.00026823707689931325","109:0.005108822634681931;129:0.0027874694315930537","109:88;129:88","109:0.003253792070705641;129:0.0015989025016127367","Yes"
"119","326.3196750800503","387.78789804556175","0.001953125","0.0009765625","0.0029296875","2584","0.0005092311740067417","32","0.0005092311740067417","0","0.0005092311740067417","0.0005092311740067417","113:0.0020351398793521935;133:0.0016638233214653075","113:88;133:88","113:0.0012582442355044687;133:0.00036004788815940936","Yes"
"120","355.19022094042083","375.14906080446224","0.00634765625","0.00439453125","0.00830078125","2584","0.00013786804506303994","32","0.00013786804506303994","0","0.00013786804506303994","0.00013786804506303994","121:0.001406791229764226","121:88","","Yes"
"121","403.8150286964676","478.08236166950536","0.005859375","0.00927734375","0.00244140625","2584","0.00023378472377441717","32","0.00023378472377441717","0","0.00023378472377441717","0.00023378472377441717","120:0.001406791229764226;122:0.0016912155175879129;116:0.006842816231288101","120:88;122:88;116:88","122:0.0022475718439318726","Yes"
"122","256.0643450495239","397.05830221755633","0.004150390625","0.0048828125","0.00341796875","2584","0.00016364167311393724","32","0.00016364167311393724","0","0.00016364167311393724","0.00016364167311393724","121:0.0016912155175879129;123:0.0011493980025443218","121:88;123:88","121:0.0022475718439318726;123:0.0011821776740473522","Yes"
"123","329.6953530556066","490.8869800315045","0.00244140625","0.00439453125","0.00048828125","2584","","32","","0","","","136:0.001773759849249379;124:0.001649663236123533;122:0.0011493980025443218","136:88;124:88;122:88","136:0.0055135943643616625;124:0.0014025605363784388;122:0.0011821776740473522","Yes"
"124","335.02190282903325","292.4350221197429","0.005615234375","0.0068359375","0.00439453125","2584","","32","","0","","","123:0.001649663236123533;125:0.002992741810457694","123:88;125:88","123:0.0014025605363784388;125:0.0020971974320467823","Yes"
"125","342.17199888904315","318.0140278297525","0.005859375","0.01025390625","0.00146484375","2584","0.00022350318119909713","32","0.00022350318119909713","0","0.00022350318119909713","0.00022350318119909713","117:0.0021205330681823287;124:0.002992741810457694;126:0.004724881942340331","117:88;124:88;126:88","117:0.006728901578698709;124:0.0020971974320467823;126:0.003867854844813279","Yes"
"126","383.0370629595519","414.69752798623904","0.002685546875","0.00244140625","0.0029296875","2584","0.00018796934216890046","32","0.00018796934216890046","0","0.00018796934216890046","0.00018796934216890046","127:0.001787146633856207;125:0.004724881942340331","127:88;125:88","127:0.0011241564497548318;125:0.003867854844813279","Yes"
"127","336.3269032398155","425.88202657705295","0.01708984375","0.01513671875","0.01904296875","2584","","32","","0","","","126:0.001787146633856207;128:0.0021329551297217253;137:0.051161231196451884","126:88;128:88;137:88","126:0.0011241564497548318;128:0.0016208493265842117;137:0.029991707006808338","Yes"
"128","168.68125106497973","268.27733339182305","0.0048828125","0.00732421875","0.00244140625","2584","0.0002742609846030746","32","0.0002742609846030746","0","0.0002742609846030746","0.0002742609846030746","127:0.0021329551297217253;129:0.0013561430131799057","127:88;129:88","127:0.0016208493265842117;129:0.004512641847452675","Yes"
"129","364.20249179365084","359.367235399275","0.002685546875","0.0029296875","0.00244140625","2584","","32","","0","","","130:0.0016055660654606951;128:0.0013561430131799057;118:0.0027874694315930537","130:88;128:88;118:88","130:0.0016651579103139635;128:0.004512641847452675;118:0.0015989025016127367","Yes"
"130","261.4573034599286","397.85276890644184","0.116455078125","0.10888671875","0.1240234375","2584","0.00013520147771177684","32","0.00013520147771177684","0","0.00013520147771177684","0.00013520147771177684","129:0.0016055660654606951;131:0.0013297514127607601","129:88;131:88","129:0.0016651579103139635;131:0.0005157408606467906","Yes"
"131","339.58041021847106","404.40380514666793","0.00439453125","0.0078125","0.0009765625","2584","0.00019027603157412354","32","0.00019027603157412354","0","0.00019027603157412354","0.00019027603157412354","138:0.0013425861047796084;130:0.0013297514127607601;132:0.0012783291136167219","138:88;130:88;132:88","138:0.0009653476792991222;130:0.0005157408606467906;132:0.004219917672194429","Yes"
"132","368.65781547681814","544.5226176602321","0.0107421875","0.0166015625","0.0048828125","2584","0.00019104717051131897","32","0.00019104717051131897","0","0.00019104717051131897","0.00019104717051131897","133:0.0009077067040760556;131:0.0012783291136167219","133:88;131:88","133:0.0012613784896619296;131:0.004219917672194429","Yes"
"133","311.8058398598393","301.9579809779468","0.006103515625","0.00830078125","0.00390625","2584","0.00011223289634317193","32","0.00011223289634317193","0","0.00011223289634317193","0.00011223289634317193","132:0.0009077067040760556;134:0.0011446402931323818;119:0.0016638233214653075","132:88;134:88;119:88","132:0.0012613784896619296;134:0.0004664751420751234;119:0.00036004788815940936","Yes"
"134","335.4452901228324","316.7891291024923","0.0048828125","0.00537109375","0.00439453125","2584","0.00041604001498390405","32","0.00041604001498390405","0","0.00041604001498390405","0.00041604001498390405","133:0.0011446402931323818","133:88;135:208","133:0.0004664751420751234","Yes"
"135","314.0609979485374","409.3326411268823","0.00341796875","0.0068359375","0","2584","0.00025054877676891315","32","0.00025054877676891315","0","0.00025054877676891315","0.00025054877676891315","139:0.004274583107623492","134:208;139:88","","Yes"
"136","328.72585807686625","395.0644259072671","0.008544921875","0.0068359375","0.01025390625","2584","0.00014521737206856476","32","0.00014521737206856476","0","0.00014521737206856476","0.00014521737206856476","123:0.001773759849249379;143:0.0015450755348981327","123:88;143:88","123:0.0055135943643616625","Yes"
"137","124.3698837838826","230.13989476550634","0.003173828125","0.00537109375","0.0009765625","2584","0.00021458506273251614","32","0.00021458506273251614","0","0.00021458506273251614","0.00021458506273251614","147:0.004011404196458734;127:0.051161231196451884","147:88;127:88","147:0.0023062343829622634;127:0.029991707006808338","Yes"
"138","402.2577634405133","474.31823301275466","0.005615234375","0.00732421875","0.00390625","2584","0.0006919413833242071","32","0.0006919413833242071","0","0.0006919413833242071","0.0006919413833242071","151:0.0020351854571372396;131:0.0013425861047796084","151:88;131:88","151:0.001968913607124978;131:0.0009653476792991222","Yes"
"139","315.01615589599186","645.4281679867684","0.0146484375","0.02734375","0.001953125","2584","0.00035860356987758347","32","0.00035860356987758347","0","0.00035860356987758347","0.00035860356987758347","155:0.0021594502798019666;135:0.004274583107623492","155:88;135:88","155:0.0021982429434813378","Yes"
"140","347.0065358772784","552.65363800239","0.00537109375","0.00537109375","0.00537109375","2584","0.00017574948233780866","32","0.00017574948233780866","0","0.00017574948233780866","0.00017574948233780866","141:0.0013810244931354576","141:88","141:0.003113265065300269","Yes"
"141","399.82448705724363","518.9841807950413","0.0029296875","0.00390625","0.001953125","2584","","32","","0","","","140:0.0013810244931354576;142:0.0009294461909096774","140:88;142:88","140:0.003113265065300269;142:0.0008323036988314714","Yes"
"142","321.9881278407852","338.21584299786593","0.002197265625","0.0029296875","0.00146484375","2584","0.00016549496897968975","32","0.00016549496897968975","0","0.00016549496897968975","0.00016549496897968975","143:0.002233079390773912;141:0.0009294461909096774","143:88;141:88","141:0.0008323036988314714","Yes"
"143","338.552274059345","439.10191860118243","0.001708984375","0.0029296875","0.00048828125","2584","0.0003341499473883878","32","0.0003341499473883878","0","0.0003341499473883878","0.0003341499473883878","142:0.002233079390773912;144:0.006441924608556082;136:0.0015450755348981327","142:88;144:88;136:88","144:0.0014433948482240888","Yes"
"144","360.2838867289106","456.8156614521303","0.006103515625","0.00732421875","0.0048828125","2584","0.0003263555152387426","32","0.0003263555152387426","0","0.0003263555152387426","0.0003263555152387426","145:0.001327341448694369;143:0.006441924608556082","145:88;143:88","145:0.0011597728477615032;143:0.0014433948482240888","Yes"
"145","347.57633388365105","447.21604683475334","0.005615234375","0.00927734375","0.001953125","2584","0.00013956014376427146","32","0.00013956014376427146","0","0.00013956014376427146","0.00013956014376427146","144:0.001327341448694369","144:88;146:88","144:0.0011597728477615032","Yes"
"146","287.2213422452299","281.98474103582566","0.00146484375","0.00244140625","0.00048828125","2584","0.00017770113887965596","32","0.00017770113887965596","0","0.00017770113887965596","0.00017770113887965596","147:0.0030140026310203627","145:88;147:88","147:0.0013427932481892002","Yes"
"147","408.17888810571856","429.67800707398897","0.004150390625","0.00634765625","0.001953125","2584","0.00039453783034388906","32","0.00039453783034388906","0","0.00039453783034388906","0.00039453783034388906","148:0.0022603765676731946;137:0.004011404196458734;146:0.0030140026310203627","148:88;137:88;146:88","148:0.002767538649414536;137:0.0023062343829622634;146:0.0013427932481892002","Yes"
"148","278.2056561775886","352.3578757267957","0.007568359375","0.013671875","0.00146484375","2584","0.0001622984686597588","32","0.0001622984686597588","0","0.0001622984686597588","0.0001622984686597588","147:0.0022603765676731946;149:0.001083512310080359","147:88;149:88","147:0.002767538649414536","Yes"
"149","350.22491050042356","265.2613163968889","0.002197265625","0.00390625","0.00048828125","2584","0.00014213276713346453","32","0.00014213276713346453","0","0.00014213276713346453","0.00014213276713346453","150:0.0008141941558865717;148:0.001083512310080359","150:88;148:88","150:0.00443936484641555","Yes"
"150","389.4977357861231","270.23368311782485","0.006103515625","0.005859375","0.00634765625","2584","0.00028081436774559157","32","0.00028081436774559157","0","0.00028081436774559157","0.00028081436774559157","149:0.0008141941558865717;151:0.001800054640209825","149:88;151:88","149:0.00443936484641555;151:0.0021019959008229117","Yes"
"151","419.71411069769584","569.3877476352201","0.00732421875","0.00732421875","0.00732421875","2584","","32","","0","","","138:0.0020351854571372396;152:0.0014705947617900395;150:0.001800054640209825","138:88;152:88;150:88","138:0.001968913607124978;152:0.0005978460898668769;150:0.0021019959008229117","Yes"
"152","336.44655501657877","482.3107811082717","0.002685546875","0.0029296875","0.00244140625","2584","0.0001448468904039061","32","0.0001448468904039061","0","0.0001448468904039061","0.0001448468904039061","151:0.0014705947617900395;153:0.0021323864254638725","151:88;153:88","151:0.0005978460898668769;153:0.0016862259468266305","Yes"
"153","268.16321811573755","303.61564742653485","0.00146484375","0.0029296875","0","2584","","32","","0","","","152:0.0021323864254638725;154:0.00202902843258454","152:88;154:88","152:0.0016862259468266305;154:0.0007760654697178404","Yes"
"154","354.00201220150115","425.86423016020893","0.00244140625","0.0048828125","0","2584","0.00018888859341417057","32","0.00018888859341417057","0","0.00018888859341417057","0.00018888859341417057","153:0.00202902843258454;155:0.0014904924871133596","153:88;155:88","153:0.0007760654697178404;155:0.0016826735697354767","Yes"
"155","361.14830152672613","603.7944511855038","0.002685546875","0.00341796875","0.001953125","2584","0.00010741035567217752","32","0.00010741035567217752","0","0.00010741035567217752","0.00010741035567217752","139:0.0021594502798019666;154:0.0014904924871133596","139:88;154:88","139:0.0021982429434813378;154:0.0016826735697354767","Yes"