distance, alpha , order, pdet               , eps                   , eps_err
       3, 0.0827,     2, 0.10778170000000001, 0.003463121185339424  , 3.1463003213341194e-05
       3, 0.1653,     2, 0.1244847          , 0.004360038706346991  , 3.7101846739345864e-05
       3, 0.248 ,     2, 0.1241655          , 0.005642236125742106  , 4.542441257493798e-05
       3, 0.3307,     2, 0.1394607          , 0.00755488940787602   , 5.895959094940161e-05
       3, 0.4134,     2, 0.15325450000000002, 0.010165781510509508  , 8.0784865576563e-05
       3, 0.496 ,     2, 0.1831659          , 0.013749861092269     , 0.00012012044944542449
       3, 0.5787,     2, 0.21433370000000002, 0.020681406858786888  , 0.0002487362037560993
       3, 0.6614,     2, 0.2309348          , 0.02584916364124118   , 0.0004251508212024781
       3, 0.7441,     2, 0.26127            , 0.036017561033028056  , 0.0012326266306817563
       3, 0.8267,     2, 0.2899398          , 0.04918787692919696   , 0.005055214297043667
       3, 0.9094,     2, 0.31582010000000005, 0.07200865154450686   , 0.06444892193302652
       3, 0.9921,     2, 0.3362278          , 0.053267380554969046  , 0.007892086758066718
       3, 1.0748,     2, 0.37779589999999996, 0.05667951380129149   , 0.011490969644358015
       3, 1.1574,     2, 0.4039906          , 0.06292735194026355   , 0.02303573459475047
       3, 1.2401,     2, 0.42156            , 0.05809260315953885   , 0.013436835249609999
       3, 1.3228,     2, 0.44729300000000005, 0.5                   , 0.0
       3, 1.4054,     2, 0.46207049999999994, 0.053418366838379416  , 0.008023899846626655
       3, 1.4881,     2, 0.4708982          , 0.5                   , 0.0
       3, 1.5708,     2, 0.47884309999999997, 0.5                   , 0.0
       5, 0.0827,     3, 0.10770735         , 0.0015217349815208059 , 1.8820277120209673e-05
       5, 0.1653,     3, 0.1249694          , 0.0019543730003960813 , 2.180975377633014e-05
       5, 0.248 ,     3, 0.12413090000000002, 0.0026963653166144352 , 2.663735990317395e-05
       5, 0.3307,     3, 0.138346           , 0.00363523203659577   , 3.254068215185548e-05
       5, 0.4134,     3, 0.1517265          , 0.005137502287537732  , 4.209490021297476e-05
       5, 0.496 ,     3, 0.18221120000000002, 0.007496859586052507  , 5.852312679631969e-05
       5, 0.5787,     3, 0.2133429          , 0.011318784415622785  , 9.206265769607805e-05
       5, 0.6614,     3, 0.22988699999999998, 0.014822138981350652  , 0.00013470932823616712
       5, 0.7441,     3, 0.26078155         , 0.021321564292138606  , 0.0002658167554355336
       5, 0.8267,     3, 0.2891422          , 0.029103947465189295  , 0.0005965711770653365
       5, 0.9094,     3, 0.3145994          , 0.038035244875194496  , 0.0015262207051409786
       5, 0.9921,     3, 0.33512715000000004, 0.04890453187982674   , 0.0049019414499312415
       5, 1.0748,     3, 0.3771106          , 0.0648736046299741    , 0.028666455111907588
       5, 1.1574,     3, 0.40252519999999997, 0.5                   , 0.0
       5, 1.2401,     3, 0.42141750000000006, 0.09167007948832218   , 0.6456262922890575
       5, 1.3228,     3, 0.44706385         , 0.05861748417653678   , 0.014242565187470139
       5, 1.4054,     3, 0.4622311999999999 , 0.5                   , 0.0
       5, 1.4881,     3, 0.47085155         , 0.5                   , 0.0
       5, 1.5708,     3, 0.4787041          , 0.5                   , 0.0
       7, 0.0827,     4, 0.10651096666666666, 0.0008320361388348685 , 1.3439310359004885e-05
       7, 0.1653,     4, 0.12302570000000002, 0.000990372734440248  , 1.4779204300715914e-05
       7, 0.248 ,     4, 0.12345699999999998, 0.0013620676446263746 , 1.7661023916490623e-05
       7, 0.3307,     4, 0.1365785          , 0.0018804950219269423 , 2.1311703372370445e-05
       7, 0.4134,     4, 0.1506984          , 0.002988310891897328  , 2.848404493676225e-05
       7, 0.496 ,     4, 0.18202656666666667, 0.00450109764565676   , 3.799791434242508e-05
       7, 0.5787,     4, 0.21301789999999998, 0.007315689687937832  , 5.717207835399626e-05
       7, 0.6614,     4, 0.22913473333333334, 0.009759369113422844  , 7.707295577684333e-05
       7, 0.7441,     4, 0.2593862666666667 , 0.014693653642934235  , 0.00013288022990084482
       7, 0.8267,     4, 0.2882958          , 0.022105140816611524  , 0.00028831768914263587
       7, 0.9094,     4, 0.31347366666666665, 0.031804283132932376  , 0.0007911919872923295
       7, 0.9921,     4, 0.3363309          , 0.044597383709147176  , 0.0030770222965545925
       7, 1.0748,     4, 0.3761559333333333 , 0.06543489058769203   , 0.030538110685020336
       7, 1.1574,     4, 0.4017659333333333 , 0.05520709192845569   , 0.009767728078498164
       7, 1.2401,     4, 0.42094153333333334, 0.5                   , 0.0
       7, 1.3228,     4, 0.4463154666666666 , 0.5                   , 0.0
       7, 1.4054,     4, 0.4615018333333334 , 0.5                   , 0.0
       7, 1.4881,     4, 0.4705579          , 0.5                   , 0.0
       7, 1.5708,     4, 0.47860336666666664, 0.5                   , 0.0
       9, 0.0827,     5, 0.10544192499999999, 0.0005486966114038316 , 1.0761031251293475e-05
       9, 0.1653,     5, 0.123158975        , 0.0006603206123705907 , 1.1870475298608864e-05
       9, 0.248 ,     5, 0.12322437500000001, 0.0009189916043240709 , 1.4185728940831316e-05
       9, 0.3307,     5, 0.13626705         , 0.0012941712704799824 , 1.7155881611426648e-05
       9, 0.4134,     5, 0.150053225        , 0.0020341633253591063 , 2.2343071362319492e-05
       9, 0.496 ,     5, 0.182740375        , 0.0031715860188272216 , 2.9636101066978505e-05
       9, 0.5787,     5, 0.2134642          , 0.005250933705166161  , 4.283625916301478e-05
       9, 0.6614,     5, 0.22868525         , 0.007181516556861833  , 5.6182568316734336e-05
       9, 0.7441,     5, 0.258272675        , 0.011222819559077446  , 9.10791825107114e-05
       9, 0.8267,     5, 0.28698487500000003, 0.017306468850904977  , 0.00017503326007556238
       9, 0.9094,     5, 0.312583925        , 0.02463234036914197   , 0.0003747008850215516
       9, 0.9921,     5, 0.337409125        , 0.03674676801195359   , 0.0013314370811419267
       9, 1.0748,     5, 0.37496575000000004, 0.5                   , 0.0
       9, 1.1574,     5, 0.40112732500000003, 0.5                   , 0.0
       9, 1.2401,     5, 0.42082192499999993, 0.5                   , 0.0
       9, 1.3228,     5, 0.44611560000000006, 0.5                   , 0.0
       9, 1.4054,     5, 0.4612693          , 0.5                   , 0.0
       9, 1.4881,     5, 0.470223375        , 0.05917485321363486   , 0.015152273412372096
       9, 1.5708,     5, 0.4782171          , 0.5                   , 0.0
      11, 0.0827,     6, 0.1062419          , 0.00043076843296541156, 9.479412996025604e-06
      11, 0.1653,     6, 0.12393310000000002, 0.00046880954099870475, 9.907683425676577e-06
      11, 0.248 ,     6, 0.12400691999999999, 0.0006846749372129701 , 1.2102036093629515e-05
      11, 0.3307,     6, 0.13647468000000001, 0.0009545098170268829 , 1.4483040779154584e-05
      11, 0.4134,     6, 0.14931935999999998, 0.0015373054695010935 , 1.8931405096510914e-05
      11, 0.496 ,     6, 0.18366064         , 0.002424250752107948  , 2.4895654210397814e-05
      11, 0.5787,     6, 0.21435507999999998, 0.004083389044013286  , 3.5353950154111747e-05
      11, 0.6614,     6, 0.2292823          , 0.005529864168935306  , 4.467603967941973e-05
      11, 0.7441,     6, 0.25819223999999996, 0.00891247244787391   , 6.973454193635249e-05
      11, 0.8267,     6, 0.2870384          , 0.01417117724117839   , 0.00012567305893819704
      11, 0.9094,     6, 0.312092           , 0.021051228160525293  , 0.00025846625295371836
      11, 0.9921,     6, 0.33779766         , 0.03263016419846865   , 0.0008627842156017939
      11, 1.0748,     6, 0.37524544         , 0.045474364343098705  , 0.00338184550329701
      11, 1.1574,     6, 0.40121004         , 0.05552135484826065   , 0.010111938551013736
      11, 1.2401,     6, 0.4204991          , 0.5                   , 0.0
      11, 1.3228,     6, 0.44592454000000004, 0.5                   , 0.0
      11, 1.4054,     6, 0.46127808000000003, 0.5                   , 0.0
      11, 1.4881,     6, 0.47005173999999994, 0.045734656394654905  , 0.0034781214094764708
      11, 1.5708,     6, 0.47832416         , 0.06051592162836694   , 0.017592012004070002
      13, 0.0827,     7, 0.10555581666666668, 0.00030449931735143654, 7.920588317190222e-06
      13, 0.1653,     7, 0.12355623333333332, 0.00035842330040036785, 8.616123475175095e-06
      13, 0.248 ,     7, 0.12421116666666666, 0.0005084645920869768 , 1.0338425042481434e-05
      13, 0.3307,     7, 0.13655745000000002, 0.0007277577607090469 , 1.2503755146729744e-05
      13, 0.4134,     7, 0.14914213333333332, 0.001205317069467693  , 1.648204056996359e-05
      13, 0.496 ,     7, 0.18353513333333332, 0.0018934933576981172 , 2.1399646391897245e-05
      13, 0.5787,     7, 0.21508098333333336, 0.003241211693143342  , 3.0072847829749236e-05
      13, 0.6614,     7, 0.22930645         , 0.004537922464620092  , 3.8232461871834496e-05
      13, 0.7441,     7, 0.2580647833333333 , 0.007206741721497267  , 5.636789494799161e-05
      13, 0.8267,     7, 0.2874551833333333 , 0.01189853306303168   , 9.818990263603943e-05
      13, 0.9094,     7, 0.31214971666666663, 0.017887378850782343  , 0.00018599215350662959
      13, 0.9921,     7, 0.3385039166666667 , 0.02791834906776025   , 0.0005272250417459538
      13, 1.0748,     7, 0.37518935000000003, 0.04353201917765359   , 0.0027441038421201235
      13, 1.1574,     7, 0.40151071666666666, 0.04856966097418919   , 0.004726894160155972
      13, 1.2401,     7, 0.4205176666666667 , 0.06051592162836694   , 0.017592012004070002
      13, 1.3228,     7, 0.44592733333333334, 0.05956658814995375   , 0.01582693843133028
      13, 1.4054,     7, 0.46151834999999997, 0.5                   , 0.0
      13, 1.4881,     7, 0.47014695         , 0.05438095251829789   , 0.008918760272592089
      13, 1.5708,     7, 0.47829086666666665, 0.06690190229751553   , 0.03604147482873912
      15, 0.0827,     8, 0.10505794285714284, 0.0002236331319249718 , 6.761027123651725e-06
      15, 0.1653,     8, 0.12464564285714286, 0.0002826803152260471 , 7.6233800763436005e-06
      15, 0.248 ,     8, 0.12375944285714285, 0.00037687656448154305, 8.843155268667262e-06
      15, 0.3307,     8, 0.13582478571428572, 0.0005655950181623348 , 1.0934620082697817e-05
      15, 0.4134,     8, 0.14820058571428574, 0.0009927974862776745 , 1.479908853313868e-05
      15, 0.496 ,     8, 0.18395834285714285, 0.0015143067315113723 , 1.8767149021997462e-05
      15, 0.5787,     8, 0.2155851857142857 , 0.002657079451921174  , 2.6387350324655576e-05
      15, 0.6614,     8, 0.22924995714285712, 0.003652977437182625  , 3.265182810249394e-05
      15, 0.7441,     8, 0.2580485571428571 , 0.006095553611399462  , 4.8489512779864756e-05
      15, 0.8267,     8, 0.28756987142857143, 0.00997768057502424   , 7.905078394281456e-05
      15, 0.9094,     8, 0.3119879          , 0.015774403554322303  , 0.00014900696706986836
      15, 0.9921,     8, 0.3386943571428571 , 0.024289003993363534  , 0.0003615894002127142
      15, 1.0748,     8, 0.3757026857142858 , 0.039415680424546795  , 0.0017673515848155655
      15, 1.1574,     8, 0.4018285142857143 , 0.06624321487939283   , 0.03345509586295891
      15, 1.2401,     8, 0.4209609428571429 , 0.05526907990242802   , 0.009834663647950328
      15, 1.3228,     8, 0.4464299857142857 , 0.5                   , 0.0
      15, 1.4054,     8, 0.46196005714285715, 0.5                   , 0.0
      15, 1.4881,     8, 0.47016932857142857, 0.06401040821775128   , 0.026013573048937005
      15, 1.5708,     8, 0.4785570857142857 , 0.5                   , 0.0
      17, 0.0827,     9, 0.1053383625       , 0.00016838181315825818, 5.850865614430232e-06
      17, 0.1653,     9, 0.12462626250000002, 0.00018893866423030925, 6.203956750919831e-06
      17, 0.248 ,     9, 0.12375254999999999, 0.00028741066296833484, 7.688681975666225e-06
      17, 0.3307,     9, 0.13579261250000002, 0.00041575830013851345, 9.30591196602038e-06
      17, 0.4134,     9, 0.14731165         , 0.0007157362689458879 , 1.2392635645470336e-05
      17, 0.496 ,     9, 0.18399435         , 0.0011808098029652547 , 1.629339719680336e-05
      17, 0.5787,     9, 0.21638043749999997, 0.0022050818631456637 , 2.347149980174647e-05
      17, 0.6614,     9, 0.2291090375       , 0.003034561229874555  , 2.8775171503693152e-05
      17, 0.7441,     9, 0.2582621          , 0.005120265739406493  , 4.198257216400924e-05
      17, 0.8267,     9, 0.2873461125       , 0.008613295865423476  , 6.726135731329251e-05
      17, 0.9094,     9, 0.31145315         , 0.013376624644808377  , 0.00011538535825863071
      17, 0.9921,     9, 0.3385538125       , 0.022342695630732656  , 0.0002955070460931055
      17, 1.0748,     9, 0.37584492499999994, 0.03848002649732141   , 0.0016000126132246994
      17, 1.1574,     9, 0.401927775        , 0.06624321487939283   , 0.03345509586295891
      17, 1.2401,     9, 0.4207371875       , 0.051061021659823846  , 0.006199365991817002
      17, 1.3228,     9, 0.44655935         , 0.05223048217255405   , 0.0070445776206499635
      17, 1.4054,     9, 0.4620608125       , 0.059976176963735306  , 0.01656518502232265
      17, 1.4881,     9, 0.47012378750000006, 0.05682604514289996   , 0.011678625507189087
      17, 1.5708,     9, 0.47841568749999996, 0.5                   , 0.0
      19, 0.0827,    10, 0.10482588888888889, 0.00011909232502393952, 4.908748624420026e-06
      19, 0.1653,    10, 0.1256080111111111 , 0.00013569838291749292, 5.244059862491591e-06
      19, 0.248 ,    10, 0.12387651111111109, 0.00020484265229725462, 6.464812392294781e-06
      19, 0.3307,    10, 0.13593098888888888, 0.0003100644555806831 , 7.99482205422354e-06
      19, 0.4134,    10, 0.14643224444444444, 0.0005427887814767329 , 1.0699815126941458e-05
      19, 0.496 ,    10, 0.18382482222222224, 0.0009203048872724606 , 1.4196795891225516e-05
      19, 0.5787,    10, 0.2164930111111111 , 0.0018028520960632899 , 2.0783411050071572e-05
      19, 0.6614,    10, 0.22892208888888887, 0.0024789607924409207 , 2.5247888030981243e-05
      19, 0.7441,    10, 0.2577190777777778 , 0.00438248866412877   , 3.7244217493117576e-05
      19, 0.8267,    10, 0.2871502777777778 , 0.0076200454043644505 , 5.94518416342965e-05
      19, 0.9094,    10, 0.3110103888888889 , 0.011971054714881857  , 9.897949383543706e-05
      19, 0.9921,    10, 0.33818814444444445, 0.020375617460163975  , 0.00024096535760788164
      19, 1.0748,    10, 0.37532305555555556, 0.03587054565541559   , 0.0012136286836324207
      19, 1.1574,    10, 0.4018077333333333 , 0.5                   , 0.0
      19, 1.2401,    10, 0.42062585555555554, 0.5                   , 0.0
      19, 1.3228,    10, 0.44637875555555556, 0.06505678394286862   , 0.029264055487713457
      19, 1.4054,    10, 0.4621840222222222 , 0.0556501728227608    , 0.010256585818190063
      19, 1.4881,    10, 0.46981073333333334, 0.07433003873960509   , 0.08413040876115237
      19, 1.5708,    10, 0.47822252222222217, 0.5                   , 0.0
      21, 0.0827,    11, 0.10426803         , 8.05168482493901e-05  , 4.0286247190808445e-06
      21, 0.1653,    11, 0.12460131999999999, 9.584878487217674e-05 , 4.3987645085768884e-06
      21, 0.248 ,    11, 0.12252057000000001, 0.00015578324620846296, 5.6242675885425655e-06
      21, 0.3307,    11, 0.13578354999999998, 0.00023079078369164785, 6.87077688870912e-06
      21, 0.4134,    11, 0.14589737         , 0.00041450845266172154, 9.29134203138027e-06
      21, 0.496 ,    11, 0.18306379         , 0.0007301207926860287 , 1.2525512105562404e-05
      21, 0.5787,    11, 0.2161538          , 0.0015036381156713352 , 1.869071676226055e-05
      21, 0.6614,    11, 0.22705255         , 0.0020461371868381595 , 2.242272127564039e-05
      21, 0.7441,    11, 0.25698997999999995, 0.0037124503588933933 , 3.3024417599972805e-05
      21, 0.8267,    11, 0.286293           , 0.006696824732280227  , 5.2682540446294564e-05
      21, 0.9094,    11, 0.30995366         , 0.010523412826583145  , 8.416089229057913e-05
      21, 0.9921,    11, 0.33693827         , 0.018373626572685764  , 0.00019567162809090813
      21, 1.0748,    11, 0.37446708         , 0.03375301152929672   , 0.0009708318701758586
      21, 1.1574,    11, 0.40096101         , 0.05571527454624181   , 0.010330488712129642
      21, 1.2401,    11, 0.42006723         , 0.07200865154450686   , 0.06444892193302652
      21, 1.3228,    11, 0.44568317         , 0.0579242203226048    , 0.013188332270395021
      21, 1.4054,    11, 0.46159182         , 0.5                   , 0.0
      21, 1.4881,    11, 0.46948633         , 0.051966991853487576  , 0.006844408844899397
      21, 1.5708,    11, 0.47817186         , 0.051061021659823846  , 0.006199365991817002
      23, 0.0827,    12, 0.10326833636363636, 4.911803087120914e-05 , 3.141745361895717e-06
      23, 0.1653,    12, 0.12327099090909091, 5.7562057479032536e-05, 3.4024900752584168e-06
      23, 0.248 ,    12, 0.12161114545454543, 0.00011443937847738228, 4.810810256856988e-06
      23, 0.3307,    12, 0.13491292727272725, 0.00017509385249658838, 5.968294464809627e-06
      23, 0.4134,    12, 0.14461800000000002, 0.00030800293914817756, 7.967394653356722e-06
      23, 0.496 ,    12, 0.1818664181818182 , 0.0005573535450428269 , 1.0850235209097178e-05
      23, 0.5787,    12, 0.21523929999999997, 0.0012170294298060047 , 1.6571753303381944e-05
      23, 0.6614,    12, 0.22635404545454543, 0.0016858361212236939 , 1.9976660151177284e-05
      23, 0.7441,    12, 0.2563091727272727 , 0.003288632792954438  , 3.037010683681181e-05
      23, 0.8267,    12, 0.2855587363636364 , 0.0058004142990824015 , 4.648530013591546e-05
      23, 0.9094,    12, 0.3091113272727273 , 0.009299332259901816  , 7.302281217211901e-05
      23, 0.9921,    12, 0.33628871818181816, 0.016819757560023574  , 0.00016633064419620296
      23, 1.0748,    12, 0.37374694545454545, 0.031183904106056592  , 0.0007414126843866993
      23, 1.1574,    12, 0.4005315090909091 , 0.047210083601391506  , 0.004079236911495498
      23, 1.2401,    12, 0.41987890000000005, 0.042976175373583336  , 0.0025852341792231602
      23, 1.3228,    12, 0.44526204545454545, 0.053940527964642604  , 0.008497326081944034
      23, 1.4054,    12, 0.4613353818181818 , 0.054725857453637006  , 0.009263644520735135
      23, 1.4881,    12, 0.4693099909090909 , 0.5                   , 0.0
      23, 1.5708,    12, 0.4779547454545454 , 0.06624321487939283   , 0.03345509586295891
      25, 0.0827,    13, 0.10306916666666666, 3.325412839966235e-05 , 2.583084700353493e-06
      25, 0.1653,    13, 0.12237231666666668, 3.907472139674795e-05 , 2.800828839037246e-06
      25, 0.248 ,    13, 0.12104478333333332, 7.809812096809532e-05 , 3.967186606628894e-06
      25, 0.3307,    13, 0.134051975        , 0.00012314009125430347, 4.9924563444864045e-06
      25, 0.4134,    13, 0.14380365833333333, 0.00022894976486154128, 6.8427017956224095e-06
      25, 0.496 ,    13, 0.18122699166666667, 0.0004130504908919641 , 9.274321593920107e-06
      25, 0.5787,    13, 0.21452359999999998, 0.000989931932490029  , 1.477558763109616e-05
      25, 0.6614,    13, 0.22535755000000002, 0.001385640925135656  , 1.78345968637694e-05
      25, 0.7441,    13, 0.25539933333333337, 0.002743133822893984  , 2.6934452709406532e-05
      25, 0.8267,    13, 0.28461896666666664, 0.0050720274687935385 , 4.166865497418438e-05
      25, 0.9094,    13, 0.308430525        , 0.008383058530306464  , 6.539768421115766e-05
      25, 0.9921,    13, 0.33563803333333336, 0.01515987975598071   , 0.00013962818851155227
      25, 1.0748,    13, 0.37332655000000003, 0.02921795346959527   , 0.0006037093779689681
      25, 1.1574,    13, 0.3997443583333333 , 0.045734656394654905  , 0.0034781214094764708
      25, 1.2401,    13, 0.41945994166666667, 0.06985202815818314   , 0.05037952309622512
      25, 1.3228,    13, 0.4447030333333334 , 0.5                   , 0.0
      25, 1.4054,    13, 0.460946525        , 0.5                   , 0.0
      25, 1.4881,    13, 0.46915019999999996, 0.5                   , 0.0
      25, 1.5708,    13, 0.4777521416666667 , 0.5                   , 0.0
      27, 0.0827,    14, 0.10278398461538461, 2.362733362337721e-05 , 2.176307394409996e-06
      27, 0.1653,    14, 0.12318927692307693, 2.884071997949489e-05 , 2.405059613411857e-06
      27, 0.248 ,    14, 0.12112286923076923, 6.239035501992563e-05 , 3.543148564705453e-06
      27, 0.3307,    14, 0.13455614615384615, 9.201364009919777e-05 , 4.309059151650261e-06
      27, 0.4134,    14, 0.14406213076923077, 0.0001789603644222204 , 6.034970989500649e-06
      27, 0.496 ,    14, 0.18171672307692308, 0.00033318195693204933, 8.296906143978108e-06
      27, 0.5787,    14, 0.21468588461538463, 0.0007993208254283846 , 1.3150942606569116e-05
      27, 0.6614,    14, 0.22585467692307692, 0.0011870996184301652 , 1.63419341027865e-05
      27, 0.7441,    14, 0.25562624615384616, 0.00229939976165755   , 2.408716141236193e-05
      27, 0.8267,    14, 0.28492310769230766, 0.004554506171942974  , 3.8338176512278655e-05
      27, 0.9094,    14, 0.3088636615384615 , 0.00784756900489847   , 6.118930298643224e-05
      27, 0.9921,    14, 0.3360400538461539 , 0.014118133905841324  , 0.00012496153522956462
      27, 1.0748,    14, 0.3736906          , 0.029126640715004426  , 0.0005979851953500936
      27, 1.1574,    14, 0.3999529692307693 , 0.049613203957807994  , 0.005294525990358716
      27, 1.2401,    14, 0.4196624          , 0.051461747673420155  , 0.006476661595422955
      27, 1.3228,    14, 0.44492445384615387, 0.5                   , 0.0
      27, 1.4054,    14, 0.4610435153846154 , 0.05728044906693347   , 0.012280688655658512
      27, 1.4881,    14, 0.4692218          , 0.06582983823919808   , 0.03192944408196742
      27, 1.5708,    14, 0.47786996923076924, 0.05898520290850778   , 0.014836263575392314
      29, 0.0827,    15, 0.10425477142857144, 2.1222053422698117e-05, 2.062319167247288e-06
      29, 0.1653,    15, 0.12408880714285714, 2.6033180951123835e-05, 2.2846896809051692e-06
      29, 0.248 ,    15, 0.12212913571428571, 5.3741275042928915e-05, 3.28701779039445e-06
      29, 0.3307,    15, 0.13537903571428572, 7.890429968410162e-05 , 3.987766316427334e-06
      29, 0.4134,    15, 0.14492987857142858, 0.00015395571457232915, 5.5906820840291035e-06
      29, 0.496 ,    15, 0.1825921857142857 , 0.00028288593690128927, 7.626229031796987e-06
      29, 0.5787,    15, 0.2161118714285714 , 0.0006430515255164693 , 1.1704185350895228e-05
      29, 0.6614,    15, 0.22683145         , 0.0010522741000367208 , 1.528158971120218e-05
      29, 0.7441,    15, 0.2567854285714286 , 0.0020046555105580066 , 2.214636814776243e-05
      29, 0.8267,    15, 0.28599658571428577, 0.004070544197286585  , 3.527305507110154e-05
      29, 0.9094,    15, 0.3096474714285714 , 0.00699990319608651   , 5.485772656242554e-05
      29, 0.9921,    15, 0.33659849285714283, 0.013166628137980418  , 0.00011279430516639034
      29, 1.0748,    15, 0.3742481357142857 , 0.027179265809190778  , 0.00048818882665735056
      29, 1.1574,    15, 0.4005997214285714 , 0.04944728039057722   , 0.005199822651605269
      29, 1.2401,    15, 0.4200854214285714 , 0.05090551414546457   , 0.006095047382016116
      29, 1.3228,    15, 0.44534041428571425, 0.5                   , 0.0
      29, 1.4054,    15, 0.4615622714285715 , 0.5                   , 0.0
      29, 1.4881,    15, 0.4694586428571428 , 0.05410319926899043   , 0.008650564410744225
      29, 1.5708,    15, 0.4779040142857143 , 0.06337549995119718   , 0.024223280792795305
      31, 0.0827,    16, 0.10454374         , 1.3208545205423139e-05, 1.6263753127807823e-06
      31, 0.1653,    16, 0.12530530666666667, 2.0220020656103177e-05, 2.0129447363087447e-06
      31, 0.248 ,    16, 0.12308828666666667, 4.0680986727104074e-05, 2.8580396260165264e-06
      31, 0.3307,    16, 0.13583729333333333, 6.540920169739728e-05 , 3.6283885955382844e-06
      31, 0.4134,    16, 0.1459741          , 0.00013610374660649738, 5.251990419677345e-06
      31, 0.496 ,    16, 0.18340405333333334, 0.0002457357838757668 , 7.094933616075954e-06
      31, 0.5787,    16, 0.21619810666666667, 0.0005719391505631388 , 1.0999228378505114e-05
      31, 0.6614,    16, 0.22785496666666666, 0.0009586836606039206 , 1.4517712651011874e-05
      31, 0.7441,    16, 0.25733818666666664, 0.0018559878640907468 , 2.114551424841588e-05
      31, 0.8267,    16, 0.28668879999999997, 0.003751136780149822  , 3.326687247904659e-05
      31, 0.9094,    16, 0.31043291333333334, 0.006524058152043821  , 5.1461688280257564e-05
      31, 0.9921,    16, 0.33765418         , 0.01262554231366858   , 0.00010635036740204201
      31, 1.0748,    16, 0.3750138466666667 , 0.02721956357616323   , 0.0004902397531577002
      31, 1.1574,    16, 0.40135195333333334, 0.04457794240670215   , 0.003070591985055332
      31, 1.2401,    16, 0.4203015          , 0.0521860362510167    , 0.007010398697129299
      31, 1.3228,    16, 0.4460074666666667 , 0.05514552438984832   , 0.009701706585086827
      31, 1.4054,    16, 0.4618629933333333 , 0.050677090643918954  , 0.00594505257700913
      31, 1.4881,    16, 0.46973346         , 0.06040534422955485   , 0.017376482251463102
      31, 1.5708,    16, 0.4781290933333333 , 0.5                   , 0.0
      33, 0.0827,    17, 0.10515898750000001, 1.0004903236382479e-05, 1.4152469206335567e-06
      33, 0.1653,    17, 0.1250917125       , 9.804709006022705e-06 , 1.4010024939579054e-06
      33, 0.248 ,    17, 0.12424222500000001, 3.6465079435277215e-05, 2.705341927662117e-06
      33, 0.3307,    17, 0.135920175        , 5.2132952495231866e-05, 3.2372056560765047e-06
      33, 0.4134,    17, 0.1469066375       , 0.00011545070808560709, 4.832258675284022e-06
      33, 0.496 ,    17, 0.18385974375      , 0.00021280395519662765, 6.591807921839686e-06
      33, 0.5787,    17, 0.21622384375      , 0.0004899816718541006 , 1.0139523733808254e-05
      33, 0.6614,    17, 0.22897674375000002, 0.0008544123101474344 , 1.363406727570703e-05
      33, 0.7441,    17, 0.25809204375      , 0.001664854270907845  , 1.9830531847958965e-05
      33, 0.8267,    17, 0.28720398125      , 0.003501711960441356  , 3.1704622567914525e-05
      33, 0.9094,    17, 0.311434675        , 0.006217770454785054  , 4.932942655066781e-05
      33, 0.9921,    17, 0.33872005625      , 0.011957293842085381  , 9.882926464709715e-05
      33, 1.0748,    17, 0.3757343625       , 0.02546858269991986   , 0.0004086755886282638
      33, 1.1574,    17, 0.40189276875      , 0.04591233501748365   , 0.003545442398957651
      33, 1.2401,    17, 0.42066236875      , 0.05826418975400488   , 0.013694984095910306
      33, 1.3228,    17, 0.44663771250000006, 0.5                   , 0.0
      33, 1.4054,    17, 0.46211708125      , 0.06196168438573346   , 0.020674590091535296
      33, 1.4881,    17, 0.46993720625      , 0.5                   , 0.0
      33, 1.5708,    17, 0.4783955625       , 0.5                   , 0.0
      35, 0.0827,    18, 0.10514922352941176, 8.60362609833576e-06  , 1.3123117305266507e-06
      35, 0.1653,    18, 0.12443621176470587, 9.003971359167195e-06 , 1.342522999300505e-06
      35, 0.248 ,    18, 0.12386918823529411, 2.6434210662062974e-05, 2.302264569564809e-06
      35, 0.3307,    18, 0.1361075          , 4.771137226905475e-05 , 3.0962197863535826e-06
      35, 0.4134,    18, 0.1477363117647059 , 9.786786134285963e-05 , 4.445290360373484e-06
      35, 0.496 ,    18, 0.18377028235294118, 0.00017204237800599875, 5.91517818566644e-06
      35, 0.5787,    18, 0.21593301764705886, 0.0004359854576675426 , 9.539094095279802e-06
      35, 0.6614,    18, 0.22938962352941178, 0.0007708078159192056 , 1.2895898870414913e-05
      35, 0.7441,    18, 0.2581424823529412 , 0.00154056201669861   , 1.8954607642234494e-05
      35, 0.8267,    18, 0.2875161823529412 , 0.0031962018752526578 , 2.979055663809021e-05
      35, 0.9094,    18, 0.31168370588235295, 0.0057745851332951514 , 4.631145456840578e-05
      35, 0.9921,    18, 0.3388025294117647 , 0.011506016958970855  , 9.40062205926313e-05
      35, 1.0748,    18, 0.3755696411764706 , 0.02518006594293687   , 0.0003966163856546383
      35, 1.1574,    18, 0.4018877411764706 , 0.04520038700501228   , 0.0032834417188550517
      35, 1.2401,    18, 0.4208522588235294 , 0.5                   , 0.0
      35, 1.3228,    18, 0.4465664235294118 , 0.5                   , 0.0
      35, 1.4054,    18, 0.46204958235294125, 0.5                   , 0.0
      35, 1.4881,    18, 0.47016133529411763, 0.07487912648611023   , 0.08962334537924178
      35, 1.5708,    18, 0.4784702352941177 , 0.0681221973634083    , 0.04138537059838713
      37, 0.0827,    19, 0.10518738333333334, 5.001225404421827e-06 , 1.0003651735728303e-06
      37, 0.1653,    19, 0.12385523888888889, 4.400948915572744e-06 , 9.383845903579451e-07
      37, 0.248 ,    19, 0.12390052222222223, 1.8817340079024802e-05, 1.94173789007008e-06
      37, 0.3307,    19, 0.13611018333333336, 3.787018832218658e-05 , 2.757159877308057e-06
      37, 0.4134,    19, 0.14844088333333333, 8.233127008883123e-05 , 4.074123299099623e-06
      37, 0.496 ,    19, 0.18350200555555557, 0.00014340304879151278, 5.392902966338503e-06
      37, 0.5787,    19, 0.21530589444444442, 0.0003604950362822157 , 8.641868427507785e-06
      37, 0.6614,    19, 0.2291375611111111 , 0.0006799704450914379 , 1.2057567228485988e-05
      37, 0.7441,    19, 0.25800349999999994, 0.0014051358160524496 , 1.797747190327124e-05
      37, 0.8267,    19, 0.28727731666666667, 0.003001734028424019  , 2.85685699574e-05
      37, 0.9094,    19, 0.3120200111111111 , 0.005469000252500467  , 4.4272468076764434e-05
      37, 0.9921,    19, 0.33859499444444446, 0.011232557272477683  , 9.117858979456884e-05
      37, 1.0748,    19, 0.37533505         , 0.024720706630726563  , 0.0003781522260069004
      37, 1.1574,    19, 0.40160209444444445, 0.04595729205841681   , 0.003562686038868866
      37, 1.2401,    19, 0.4207926166666667 , 0.05533149415326721   , 0.009902532474822631
      37, 1.3228,    19, 0.44625053333333337, 0.5                   , 0.0
      37, 1.4054,    19, 0.46166363888888884, 0.5                   , 0.0
      37, 1.4881,    19, 0.4701829722222222 , 0.5                   , 0.0
      37, 1.5708,    19, 0.4783217611111111 , 0.06109023967546284   , 0.018756121754264558
      39, 0.0827,    20, 0.10629988947368421, 5.601537208188567e-06 , 1.0587333881173218e-06
      39, 0.1653,    20, 0.12386222105263157, 4.000784207036645e-06 , 8.946884630887766e-07
      39, 0.248 ,    20, 0.12400354210526317, 1.4410170307066483e-05, 1.6988426658896548e-06
      39, 0.3307,    20, 0.13650134736842107, 3.245154850173293e-05 , 2.5516238319243806e-06
      39, 0.4134,    20, 0.1497059263157895 , 6.400029542291685e-05 , 3.5888525229161165e-06
      39, 0.496 ,    20, 0.18356625789473685, 0.00011686673798888547, 4.86213806935076e-06
      39, 0.5787,    20, 0.21483334736842102, 0.0003096521189533963 , 7.989342785262229e-06
      39, 0.6614,    20, 0.22928485789473685, 0.0006073271780454581 , 1.1354291969929818e-05
      39, 0.7441,    20, 0.25843697368421054, 0.0013262402843512988 , 1.7395464070644114e-05
      39, 0.8267,    20, 0.28745116842105267, 0.002829660042197757  , 2.7482711689159644e-05
      39, 0.9094,    20, 0.3122130947368421 , 0.005232163012034552  , 4.271331753265272e-05
      39, 0.9921,    20, 0.3382485947368421 , 0.010977072355543183  , 8.859905409494658e-05
      39, 1.0748,    20, 0.37512454210526314, 0.024059952656331873  , 0.0003530999327312406
      39, 1.1574,    20, 0.4013313684210526 , 0.04342845971011      , 0.002713767393731858
      39, 1.2401,    20, 0.4206369842105263 , 0.0556501728227608    , 0.010256585818190063
      39, 1.3228,    20, 0.44595718421052627, 0.5                   , 0.0
      39, 1.4054,    20, 0.4613388105263158 , 0.5                   , 0.0
      39, 1.4881,    20, 0.47002164210526315, 0.055780847085690255  , 0.01040547543094492
      39, 1.5708,    20, 0.4782973526315789 , 0.06292735194026355   , 0.02303573459475047
      41, 0.0827,    21, 0.10624061         , 3.0004410873640808e-06, 7.747663543041101e-07
      41, 0.1653,    21, 0.123386725        , 1.8001587788751827e-06, 6.000788534928925e-07
      41, 0.248 ,    21, 0.12380988         , 7.602831660458165e-06 , 1.2335672985123148e-06
      41, 0.3307,    21, 0.13640107499999998, 2.9041288044817648e-05, 2.4134314223578285e-06
      41, 0.4134,    21, 0.14994348999999998, 5.1730911468150786e-05, 3.2246360935042687e-06
      41, 0.496 ,    21, 0.18305116999999999, 9.726209644345118e-05 , 4.431381020279424e-06
      41, 0.5787,    21, 0.21407082         , 0.00028062432646036584, 7.594841198722076e-06
      41, 0.6614,    21, 0.22898713         , 0.0005341442037125055 , 1.0609732865170288e-05
      41, 0.7441,    21, 0.258230095        , 0.0012089194375252132 , 1.650966353260632e-05
      41, 0.8267,    21, 0.28734740999999997, 0.002558881976087113  , 2.5760451458402238e-05
      41, 0.9094,    21, 0.31242004         , 0.0049850559437443764 , 4.1104291670593654e-05
      41, 0.9921,    21, 0.33766058         , 0.010493964608417283  , 8.387889919757858e-05
      41, 1.0748,    21, 0.37515261         , 0.023671127823598315  , 0.0003391447637900286
      41, 1.1574,    21, 0.40126976000000003, 0.0396534262438315    , 0.001812647495256768
      41, 1.2401,    21, 0.42053461999999997, 0.5                   , 0.0
      41, 1.3228,    21, 0.44592811         , 0.038171385308385986  , 0.0015484311248418236
      41, 1.4054,    21, 0.461224165        , 0.03357048584288286   , 0.0009523724568911893
      41, 1.4881,    21, 0.470151585        , 0.06866188296758818   , 0.044000342880891226
      41, 1.5708,    21, 0.478291495        , 0.5                   , 0.0
      43, 0.0827,    22, 0.10590953333333333, 2.600331296842562e-06 , 7.212471556557863e-07
      43, 0.1653,    22, 0.12277296666666665, 1.4000960488758096e-06, 5.292043485679576e-07
      43, 0.248 ,    22, 0.1232306          , 6.40200788815104e-06  , 1.1318997481451669e-06
      43, 0.3307,    22, 0.13645656190476188, 2.4429219705190963e-05, 2.2130161515925555e-06
      43, 0.4134,    22, 0.15022891428571428, 5.1127879629964124e-05, 3.205692129660598e-06
      43, 0.496 ,    22, 0.18215009523809525, 9.28209191997098e-05  , 4.328090601124071e-06
      43, 0.5787,    22, 0.21331321904761907, 0.00024860445263336084, 7.137227716763628e-06
      43, 0.6614,    22, 0.22898769523809523, 0.00046001821647734253, 9.81009268390912e-06
      43, 0.7441,    22, 0.2586143285714286 , 0.0010658098192772303 , 1.5390051222944682e-05
      43, 0.8267,    22, 0.28781088095238094, 0.0023748836449549726 , 2.4576784952310114e-05
      43, 0.9094,    22, 0.31297826666666667, 0.004679283109706722  , 3.9135421001287804e-05
      43, 0.9921,    22, 0.3369776142857143 , 0.01003368623231271   , 7.956416032188995e-05
      43, 1.0748,    22, 0.3758148333333333 , 0.022370916814840103  , 0.00029637293928930496
      43, 1.1574,    22, 0.4015667619047619 , 0.03846991087918483   , 0.00159829458218103
      43, 1.2401,    22, 0.4208186428571429 , 0.5                   , 0.0
      43, 1.3228,    22, 0.4462518714285714 , 0.5                   , 0.0
      43, 1.4054,    22, 0.46147402380952385, 0.029780793855596788  , 0.0006402423025069861
      43, 1.4881,    22, 0.4704212285714286 , 0.04026940918483696   , 0.001935594912551771
      43, 1.5708,    22, 0.4784608285714286 , 0.05843910570603811   , 0.013963353589506695
      45, 0.0827,    23, 0.10708845909090908, 1.8001587788751827e-06, 6.000788534928925e-07
      45, 0.1653,    23, 0.12386518636363637, 1.2000705655879074e-06, 4.899408685127903e-07
      45, 0.248 ,    23, 0.12373475454545454, 5.601537208188567e-06 , 1.0587333881173218e-06
      45, 0.3307,    23, 0.13779278636363637, 2.102163899703191e-05 , 2.0525381530705524e-06
      45, 0.4134,    23, 0.1515511272727273 , 3.947626402350801e-05 , 2.815238005489428e-06
      45, 0.496 ,    23, 0.1823509590909091 , 7.567996696411505e-05 , 3.904826363847179e-06
      45, 0.5787,    23, 0.21343720454545456, 0.00020974118018302068, 6.543220290799617e-06
      45, 0.6614,    23, 0.22960832727272726, 0.00041409187088148336, 9.286481491918436e-06
      45, 0.7441,    23, 0.26032787272727276, 0.0009800189294545958 , 1.4694101374056158e-05
      45, 0.8267,    23, 0.2889862909090909 , 0.0022085595470104913 , 2.3494282630952905e-05
      45, 0.9094,    23, 0.3141993090909091 , 0.004368951218160222  , 3.7158356664569724e-05
      45, 0.9921,    23, 0.33559062727272726, 0.009476015686957995  , 7.455987896642941e-05
      45, 1.0748,    23, 0.37699921363636363, 0.029894971661002634  , 0.0006479231694861851
      45, 1.1574,    23, 0.4022998090909091 , 0.04135874100754422   , 0.0021742458059366278
      45, 1.2401,    23, 0.4213457863636364 , 0.03542804468717947   , 0.0011582279394519142
      45, 1.3228,    23, 0.4468507954545455 , 0.04859960563623639   , 0.004742284109344209
      45, 1.4054,    23, 0.46182395909090906, 0.04152524167870919   , 0.0022132825625387534
      45, 1.4881,    23, 0.4707797545454546 , 0.03476310732882193   , 0.0010797814242934694
      45, 1.5708,    23, 0.4786867272727272 , 0.03274551747342935   , 0.0008732957674377781
      47, 0.0827,    24, 0.10718178695652175, 1.8001587788751827e-06, 6.000788534928925e-07
      47, 0.1653,    24, 0.12381787826086957, 1.4000960488758096e-06, 5.292043485679576e-07
      47, 0.248 ,    24, 0.12381781739130435, 2.8003842310053706e-06, 7.484844770335388e-07
      47, 0.3307,    24, 0.1381606956521739 , 2.2424622649064307e-05, 2.1200695010926557e-06
      47, 0.4134,    24, 0.1520896086956522 , 2.9843599733736514e-05, 2.446637040314762e-06
      47, 0.496 ,    24, 0.1824328956521739 , 4.610399986737512e-05 , 3.0433802371339504e-06
      47, 0.5787,    24, 0.2131862956521739 , 0.00016147099490004813, 5.727608896565684e-06
      47, 0.6614,    24, 0.22982447826086955, 0.00035883761390392843, 8.621277367010693e-06
      47, 0.7441,    24, 0.2607994          , 0.000901278837890318  , 1.403589173875849e-05
      47, 0.8267,    24, 0.2892782608695652 , 0.001945653552520521  , 2.1751192148990023e-05
      47, 0.9094,    24, 0.3146377652173913 , 0.004128024473663394  , 3.563521943977518e-05
      47, 0.9921,    24, 0.3354433391304348 , 0.008781048625379373  , 6.864080019888787e-05
      47, 1.0748,    24, 0.37739010869565215, 0.04543168379751128   , 0.0033663204024667035
      47, 1.1574,    24, 0.4025131347826087 , 0.5                   , 0.0
      47, 1.2401,    24, 0.4214461043478261 , 0.043921903960324304  , 0.002861452979854623
      47, 1.3228,    24, 0.4471187          , 0.030938360228102868  , 0.0007226010172581979
      47, 1.4054,    24, 0.461943904347826  , 0.030089736036658044  , 0.0006612419119211919
      47, 1.4881,    24, 0.4708919782608696 , 0.03609586416207261   , 0.0012428687287450758
      47, 1.5708,    24, 0.4788141130434782 , 0.04656250299067444   , 0.00380332760444516
      49, 0.0827,    25, 0.11240382916666666, 6.000176406839586e-07 , 3.464253351441624e-07
      49, 0.1653,    25, 0.1285609875       , 4.0000784018445756e-07, 2.8285097179602303e-07
      49, 0.248 ,    25, 0.12889592916666667, 2.0000196004898996e-07, 2.0000292005506198e-07
      49, 0.3307,    25, 0.14389059166666668, 3.0004410873640808e-06, 7.747663543041101e-07
      49, 0.4134,    25, 0.15792832083333333, 7.402684551238714e-06 , 1.2172101503587036e-06
      49, 0.496 ,    25, 0.18757264166666665, 5.8016489912771085e-06, 1.0774892287540708e-06
      49, 0.5787,    25, 0.2183463125       , 7.003983549208614e-05 , 3.755473520305661e-06
      49, 0.6614,    25, 0.23477301250000002, 0.00015882986003412647, 5.679841491427174e-06
      49, 0.7441,    25, 0.2649116625       , 0.00046587825705390884, 9.875232483325298e-06
      49, 0.8267,    25, 0.293267025        , 0.0017409720353988023 , 2.0358464987550167e-05
      49, 0.9094,    25, 0.3186306875       , 0.0030766923884071873 , 2.904011517144529e-05
      49, 0.9921,    25, 0.33943509166666663, 0.00463467819940816   , 3.8850042432567336e-05
      49, 1.0748,    25, 0.38070661666666666, 0.01235406219548768   , 0.00010323843011100657
      49, 1.1574,    25, 0.4050659125       , 0.036848385649759396  , 0.0013458338388487232
      49, 1.2401,    25, 0.4235868208333333 , 0.01157383710381421   , 9.471841621538254e-05
      49, 1.3228,    25, 0.44847885416666666, 0.02013888279606091   , 0.00023511449008682098
      49, 1.4054,    25, 0.46280776666666656, 0.01872163318550768   , 0.00020289743920686595
      49, 1.4881,    25, 0.4713742458333333 , 0.03385801835248092   , 0.0009816162617650077
      49, 1.5708,    25, 0.47877375         , 0.06062787934550129   , 0.017813012192350302
       3, 0.0   ,     2, 0.10595179999999998, 0.0036378060538836965 , 3.255680352177341e-05
       5, 0.0   ,     3, 0.10551365000000003, 0.0016410957250567737 , 1.9664486091400892e-05
       7, 0.0   ,     4, 0.10489726666666666, 0.000888396308095285  , 1.3926231146163689e-05
       9, 0.0   ,     5, 0.10439837499999999, 0.0006143345844753512 , 1.1423575710299365e-05
      11, 0.0   ,     6, 0.1047163          , 0.0004633663986183256 , 9.847354517739196e-06
      13, 0.0   ,     7, 0.1039356          , 0.00033896953021272935, 8.371035178977258e-06
      15, 0.0   ,     8, 0.1032347          , 0.0002408199424179247 , 7.021920347099396e-06
      17, 0.0   ,     9, 0.10353625000000001, 0.0001915876074570222 , 6.248103714294817e-06
      19, 0.0   ,    10, 0.10300805555555556, 0.00012658195577158748, 5.062595950316346e-06
      21, 0.0   ,    11, 0.10233603999999999, 8.333942166949271e-05 , 4.099192381401191e-06
      23, 0.0   ,    12, 0.10170235454545457, 6.098186552838669e-05 , 3.5026863773250315e-06
      25, 0.0   ,    13, 0.101097375        , 4.208667635280383e-05 , 2.9071970872705127e-06
      27, 0.0   ,    14, 0.1013131846153846 , 2.9041288044817648e-05, 2.4134314223578285e-06
      29, 0.0   ,    15, 0.10185274285714285, 2.683525613528248e-05 , 2.3197083438470883e-06
      31, 0.0   ,    16, 0.10249606         , 1.4410170307066483e-05, 1.6988426658896548e-06
      33, 0.0   ,    17, 0.10313356875      , 1.4410170307066483e-05, 1.6988426658896548e-06
      35, 0.0   ,    18, 0.10358185294117646, 1.18068280782202e-05  , 1.537553943479058e-06
      37, 0.0   ,    19, 0.10350282777777778, 7.202541367712367e-06 , 1.2006311519984793e-06
      39, 0.0   ,    20, 0.10444554210526316, 6.001764698837508e-06 , 1.0959251937985805e-06
      41, 0.0   ,    21, 0.10467777         , 4.200864599679388e-06 , 9.167962547724233e-07
      43, 0.0   ,    22, 0.10403943333333335, 2.8003842310053706e-06, 7.484844770335388e-07
      45, 0.0   ,    23, 0.10534290454545453, 1.6001254532493903e-06, 5.65751507057814e-07
      47, 0.0   ,    24, 0.10523737826086957, 1.8001587788751827e-06, 6.000788534928925e-07
      49, 0.0   ,    25, 0.10985914583333334, 2.0000196004898996e-07, 2.0000292005506198e-07
